"","id","k","Agr","ER(Agr)","AdjNum","AdjDenom","method","k_reduction","perp","AgreeAvg","Phi_Fx","numberOfExecutions","varElapsedTime","meanElapsedTime","Accuracy","Sensitivity","Specificity","Precision","Recall","F1","best_K_evaluation","LCMC_Nk","LCMC_Mk","LCMC_Mk_Adjusted","AgrAdj"
"1","DRR",1,0.103448275862069,0.0357142857142857,0.0677339901477833,0.964285714285714,"DRR",NA,NA,0.59,0.16,3,0.026,2.826,0.375,NA,NA,NA,NA,NA,12,6.69,0.557,0.129,0.0677339901477833
"2","DRR",2,0.155172413793103,0.0714285714285714,0.083743842364532,0.928571428571429,"DRR",NA,NA,0.59,0.16,3,0.026,2.826,0.375,NA,NA,NA,NA,NA,12,6.69,0.557,0.129,0.083743842364532
"3","DRR",3,0.218390804597701,0.107142857142857,0.111247947454844,0.892857142857143,"DRR",NA,NA,0.59,0.16,3,0.026,2.826,0.375,NA,NA,NA,NA,NA,12,6.69,0.557,0.129,0.111247947454844
"4","DRR",4,0.25,0.142857142857143,0.107142857142857,0.857142857142857,"DRR",NA,NA,0.59,0.16,3,0.026,2.826,0.375,NA,NA,NA,NA,NA,12,6.69,0.557,0.129,0.107142857142857
"5","DRR",5,0.255172413793103,0.178571428571429,0.0766009852216749,0.821428571428571,"DRR",NA,NA,0.59,0.16,3,0.026,2.826,0.375,NA,NA,NA,NA,NA,12,6.69,0.557,0.129,0.0766009852216749
"6","DRR",6,0.293103448275862,0.214285714285714,0.0788177339901478,0.785714285714286,"DRR",NA,NA,0.59,0.16,3,0.026,2.826,0.375,NA,NA,NA,NA,NA,12,6.69,0.557,0.129,0.0788177339901478
"7","DRR",7,0.330049261083744,0.25,0.0800492610837438,0.75,"DRR",NA,NA,0.59,0.16,3,0.026,2.826,0.375,NA,NA,NA,NA,NA,12,6.69,0.557,0.129,0.0800492610837438
"8","DRR",8,0.357758620689655,0.285714285714286,0.0720443349753695,0.714285714285714,"DRR",NA,NA,0.59,0.16,3,0.026,2.826,0.375,NA,NA,NA,NA,NA,12,6.69,0.557,0.129,0.0720443349753695
"9","DRR",9,0.398467432950192,0.321428571428571,0.0770388615216201,0.678571428571429,"DRR",NA,NA,0.59,0.16,3,0.026,2.826,0.375,NA,NA,NA,NA,NA,12,6.69,0.557,0.129,0.0770388615216201
"10","DRR",10,0.468965517241379,0.357142857142857,0.111822660098522,0.642857142857143,"DRR",NA,NA,0.59,0.16,3,0.026,2.826,0.375,NA,NA,NA,NA,NA,12,6.69,0.557,0.129,0.111822660098522
"11","DRR",11,0.510971786833856,0.392857142857143,0.118114643976713,0.607142857142857,"DRR",NA,NA,0.59,0.16,3,0.026,2.826,0.375,NA,NA,NA,NA,NA,12,6.69,0.557,0.129,0.118114643976713
"12","DRR",12,0.557471264367816,0.428571428571429,0.128899835796388,0.571428571428571,"DRR",NA,NA,0.59,0.16,3,0.026,2.826,0.375,NA,NA,NA,NA,NA,12,6.69,0.557,0.129,0.128899835796388
"13","DRR",13,0.591511936339523,0.464285714285714,0.127226222053808,0.535714285714286,"DRR",NA,NA,0.59,0.16,3,0.026,2.826,0.375,NA,NA,NA,NA,NA,12,6.69,0.557,0.129,0.127226222053808
"14","DRR",14,0.605911330049261,0.5,0.105911330049261,0.5,"DRR",NA,NA,0.59,0.16,3,0.026,2.826,0.375,NA,NA,NA,NA,NA,12,6.69,0.557,0.129,0.105911330049261
"15","DRR",15,0.639080459770115,0.535714285714286,0.103366174055829,0.464285714285714,"DRR",NA,NA,0.59,0.16,3,0.026,2.826,0.375,NA,NA,NA,NA,NA,12,6.69,0.557,0.129,0.103366174055829
"16","DRR",16,0.657327586206897,0.571428571428571,0.0858990147783252,0.428571428571429,"DRR",NA,NA,0.59,0.16,3,0.026,2.826,0.375,NA,NA,NA,NA,NA,12,6.69,0.557,0.129,0.0858990147783252
"17","DRR",17,0.689655172413793,0.607142857142857,0.0825123152709361,0.392857142857143,"DRR",NA,NA,0.59,0.16,3,0.026,2.826,0.375,NA,NA,NA,NA,NA,12,6.69,0.557,0.129,0.0825123152709361
"18","DRR",18,0.720306513409962,0.642857142857143,0.0774493705528188,0.357142857142857,"DRR",NA,NA,0.59,0.16,3,0.026,2.826,0.375,NA,NA,NA,NA,NA,12,6.69,0.557,0.129,0.0774493705528188
"19","DRR",19,0.753176043557169,0.678571428571429,0.0746046149857402,0.321428571428571,"DRR",NA,NA,0.59,0.16,3,0.026,2.826,0.375,NA,NA,NA,NA,NA,12,6.69,0.557,0.129,0.0746046149857402
"20","DRR",20,0.781034482758621,0.714285714285714,0.0667487684729063,0.285714285714286,"DRR",NA,NA,0.59,0.16,3,0.026,2.826,0.375,NA,NA,NA,NA,NA,12,6.69,0.557,0.129,0.0667487684729063
"21","DRR",21,0.819376026272578,0.75,0.069376026272578,0.25,"DRR",NA,NA,0.59,0.16,3,0.026,2.826,0.375,NA,NA,NA,NA,NA,12,6.69,0.557,0.129,0.069376026272578
"22","DRR",22,0.844827586206897,0.785714285714286,0.0591133004926109,0.214285714285714,"DRR",NA,NA,0.59,0.16,3,0.026,2.826,0.375,NA,NA,NA,NA,NA,12,6.69,0.557,0.129,0.0591133004926109
"23","DRR",23,0.869565217391304,0.821428571428571,0.0481366459627329,0.178571428571429,"DRR",NA,NA,0.59,0.16,3,0.026,2.826,0.375,NA,NA,NA,NA,NA,12,6.69,0.557,0.129,0.0481366459627329
"24","DRR",24,0.899425287356322,0.857142857142857,0.0422824302134648,0.142857142857143,"DRR",NA,NA,0.59,0.16,3,0.026,2.826,0.375,NA,NA,NA,NA,NA,12,6.69,0.557,0.129,0.0422824302134648
"25","DRR",25,0.921379310344828,0.892857142857143,0.0285221674876847,0.107142857142857,"DRR",NA,NA,0.59,0.16,3,0.026,2.826,0.375,NA,NA,NA,NA,NA,12,6.69,0.557,0.129,0.0285221674876847
"26","DRR",26,0.950928381962865,0.928571428571429,0.0223569533914361,0.0714285714285714,"DRR",NA,NA,0.59,0.16,3,0.026,2.826,0.375,NA,NA,NA,NA,NA,12,6.69,0.557,0.129,0.0223569533914361
"27","DRR",27,0.971902937420179,0.964285714285714,0.00761722313446445,0.0357142857142857,"DRR",NA,NA,0.59,0.16,3,0.026,2.826,0.375,NA,NA,NA,NA,NA,12,6.69,0.557,0.129,0.00761722313446445
"28","DRR",28,1,1,0,0,"DRR",NA,NA,0.59,0.16,3,0.026,2.826,0.375,NA,NA,NA,NA,NA,12,6.69,0.557,0.129,0
"29","DiffusionMaps",1,0.206896551724138,0.0357142857142857,0.171182266009852,0.964285714285714,"DiffusionMaps",NA,NA,0.68,0.33,3,0,0.087,0.75,NA,NA,NA,NA,NA,2,0.759,0.379,0.308,0.171182266009852
"30","DiffusionMaps",2,0.379310344827586,0.0714285714285714,0.307881773399015,0.928571428571429,"DiffusionMaps",NA,NA,0.68,0.33,3,0,0.087,0.75,NA,NA,NA,NA,NA,2,0.759,0.379,0.308,0.307881773399015
"31","DiffusionMaps",3,0.333333333333333,0.107142857142857,0.226190476190476,0.892857142857143,"DiffusionMaps",NA,NA,0.68,0.33,3,0,0.087,0.75,NA,NA,NA,NA,NA,2,0.759,0.379,0.308,0.226190476190476
"32","DiffusionMaps",4,0.362068965517241,0.142857142857143,0.219211822660099,0.857142857142857,"DiffusionMaps",NA,NA,0.68,0.33,3,0,0.087,0.75,NA,NA,NA,NA,NA,2,0.759,0.379,0.308,0.219211822660099
"33","DiffusionMaps",5,0.386206896551724,0.178571428571429,0.207635467980296,0.821428571428571,"DiffusionMaps",NA,NA,0.68,0.33,3,0,0.087,0.75,NA,NA,NA,NA,NA,2,0.759,0.379,0.308,0.207635467980296
"34","DiffusionMaps",6,0.413793103448276,0.214285714285714,0.199507389162562,0.785714285714286,"DiffusionMaps",NA,NA,0.68,0.33,3,0,0.087,0.75,NA,NA,NA,NA,NA,2,0.759,0.379,0.308,0.199507389162562
"35","DiffusionMaps",7,0.467980295566502,0.25,0.217980295566502,0.75,"DiffusionMaps",NA,NA,0.68,0.33,3,0,0.087,0.75,NA,NA,NA,NA,NA,2,0.759,0.379,0.308,0.217980295566502
"36","DiffusionMaps",8,0.508620689655172,0.285714285714286,0.222906403940887,0.714285714285714,"DiffusionMaps",NA,NA,0.68,0.33,3,0,0.087,0.75,NA,NA,NA,NA,NA,2,0.759,0.379,0.308,0.222906403940887
"37","DiffusionMaps",9,0.528735632183908,0.321428571428571,0.207307060755337,0.678571428571429,"DiffusionMaps",NA,NA,0.68,0.33,3,0,0.087,0.75,NA,NA,NA,NA,NA,2,0.759,0.379,0.308,0.207307060755337
"38","DiffusionMaps",10,0.572413793103448,0.357142857142857,0.215270935960591,0.642857142857143,"DiffusionMaps",NA,NA,0.68,0.33,3,0,0.087,0.75,NA,NA,NA,NA,NA,2,0.759,0.379,0.308,0.215270935960591
"39","DiffusionMaps",11,0.605015673981191,0.392857142857143,0.212158531124048,0.607142857142857,"DiffusionMaps",NA,NA,0.68,0.33,3,0,0.087,0.75,NA,NA,NA,NA,NA,2,0.759,0.379,0.308,0.212158531124048
"40","DiffusionMaps",12,0.655172413793103,0.428571428571429,0.226600985221675,0.571428571428571,"DiffusionMaps",NA,NA,0.68,0.33,3,0,0.087,0.75,NA,NA,NA,NA,NA,2,0.759,0.379,0.308,0.226600985221675
"41","DiffusionMaps",13,0.671087533156499,0.464285714285714,0.206801818870784,0.535714285714286,"DiffusionMaps",NA,NA,0.68,0.33,3,0,0.087,0.75,NA,NA,NA,NA,NA,2,0.759,0.379,0.308,0.206801818870784
"42","DiffusionMaps",14,0.70935960591133,0.5,0.20935960591133,0.5,"DiffusionMaps",NA,NA,0.68,0.33,3,0,0.087,0.75,NA,NA,NA,NA,NA,2,0.759,0.379,0.308,0.20935960591133
"43","DiffusionMaps",15,0.72183908045977,0.535714285714286,0.186124794745484,0.464285714285714,"DiffusionMaps",NA,NA,0.68,0.33,3,0,0.087,0.75,NA,NA,NA,NA,NA,2,0.759,0.379,0.308,0.186124794745484
"44","DiffusionMaps",16,0.741379310344828,0.571428571428571,0.169950738916256,0.428571428571429,"DiffusionMaps",NA,NA,0.68,0.33,3,0,0.087,0.75,NA,NA,NA,NA,NA,2,0.759,0.379,0.308,0.169950738916256
"45","DiffusionMaps",17,0.756592292089249,0.607142857142857,0.149449434946392,0.392857142857143,"DiffusionMaps",NA,NA,0.68,0.33,3,0,0.087,0.75,NA,NA,NA,NA,NA,2,0.759,0.379,0.308,0.149449434946392
"46","DiffusionMaps",18,0.775862068965517,0.642857142857143,0.133004926108374,0.357142857142857,"DiffusionMaps",NA,NA,0.68,0.33,3,0,0.087,0.75,NA,NA,NA,NA,NA,2,0.759,0.379,0.308,0.133004926108374
"47","DiffusionMaps",19,0.807622504537205,0.678571428571429,0.129051075965776,0.321428571428571,"DiffusionMaps",NA,NA,0.68,0.33,3,0,0.087,0.75,NA,NA,NA,NA,NA,2,0.759,0.379,0.308,0.129051075965776
"48","DiffusionMaps",20,0.831034482758621,0.714285714285714,0.116748768472906,0.285714285714286,"DiffusionMaps",NA,NA,0.68,0.33,3,0,0.087,0.75,NA,NA,NA,NA,NA,2,0.759,0.379,0.308,0.116748768472906
"49","DiffusionMaps",21,0.862068965517241,0.75,0.112068965517241,0.25,"DiffusionMaps",NA,NA,0.68,0.33,3,0,0.087,0.75,NA,NA,NA,NA,NA,2,0.759,0.379,0.308,0.112068965517241
"50","DiffusionMaps",22,0.887147335423197,0.785714285714286,0.101433049708912,0.214285714285714,"DiffusionMaps",NA,NA,0.68,0.33,3,0,0.087,0.75,NA,NA,NA,NA,NA,2,0.759,0.379,0.308,0.101433049708912
"51","DiffusionMaps",23,0.91304347826087,0.821428571428571,0.0916149068322981,0.178571428571429,"DiffusionMaps",NA,NA,0.68,0.33,3,0,0.087,0.75,NA,NA,NA,NA,NA,2,0.759,0.379,0.308,0.0916149068322981
"52","DiffusionMaps",24,0.933908045977011,0.857142857142857,0.0767651888341544,0.142857142857143,"DiffusionMaps",NA,NA,0.68,0.33,3,0,0.087,0.75,NA,NA,NA,NA,NA,2,0.759,0.379,0.308,0.0767651888341544
"53","DiffusionMaps",25,0.953103448275862,0.892857142857143,0.0602463054187191,0.107142857142857,"DiffusionMaps",NA,NA,0.68,0.33,3,0,0.087,0.75,NA,NA,NA,NA,NA,2,0.759,0.379,0.308,0.0602463054187191
"54","DiffusionMaps",26,0.972148541114058,0.928571428571429,0.0435771125426297,0.0714285714285714,"DiffusionMaps",NA,NA,0.68,0.33,3,0,0.087,0.75,NA,NA,NA,NA,NA,2,0.759,0.379,0.308,0.0435771125426297
"55","DiffusionMaps",27,0.987228607918263,0.964285714285714,0.0229428936325488,0.0357142857142857,"DiffusionMaps",NA,NA,0.68,0.33,3,0,0.087,0.75,NA,NA,NA,NA,NA,2,0.759,0.379,0.308,0.0229428936325488
"56","DiffusionMaps",28,1,1,0,0,"DiffusionMaps",NA,NA,0.68,0.33,3,0,0.087,0.75,NA,NA,NA,NA,NA,2,0.759,0.379,0.308,0
"57","HSLMDS [k=28] [kQuality=28] (NLDR)",1,0.344827586206897,0.0357142857142857,0.309113300492611,0.964285714285714,"HSLMDS (NLDR)",28,NA,0.67,0.32,1,NA,0.082,0.5,NA,NA,NA,NA,NA,1,0.345,0.345,0.309,0.309113300492611
"58","HSLMDS [k=4] [kQuality=1] (NLDR)",2,0.431034482758621,0.0714285714285714,0.359605911330049,0.928571428571429,"HSLMDS (NLDR)",4,NA,0.7,0.38,1,NA,0.296,0.75,NA,NA,NA,NA,NA,2,0.862,0.431,0.36,0.359605911330049
"59","HSLMDS [k=3] [kQuality=1] (NLDR)",3,0.482758620689655,0.107142857142857,0.375615763546798,0.892857142857143,"HSLMDS (NLDR)",3,NA,0.68,0.34,1,NA,0.196,0.625,NA,NA,NA,NA,NA,3,1.448,0.483,0.376,0.375615763546798
"60","HSLMDS [k=26] [kQuality=24] (NLDR)",4,0.474137931034483,0.142857142857143,0.33128078817734,0.857142857142857,"HSLMDS (NLDR)",26,NA,0.73,0.45,1,NA,0.089,0.625,NA,NA,NA,NA,NA,4,1.897,0.474,0.331,0.33128078817734
"61","HSLMDS [k=5] [kQuality=2] (NLDR)",5,0.531034482758621,0.178571428571429,0.352463054187192,0.821428571428571,"HSLMDS (NLDR)",5,NA,0.71,0.4,1,NA,0.104,0.5,NA,NA,NA,NA,NA,5,2.655,0.531,0.352,0.352463054187192
"62","HSLMDS [k=6] [kQuality=6] (NLDR)",6,0.568965517241379,0.214285714285714,0.354679802955665,0.785714285714286,"HSLMDS (NLDR)",6,NA,0.71,0.4,1,NA,0.082,0.75,NA,NA,NA,NA,NA,6,3.414,0.569,0.355,0.354679802955665
"63","HSLMDS [k=8] [kQuality=10] (NLDR)",7,0.610837438423645,0.25,0.360837438423645,0.75,"HSLMDS (NLDR)",8,NA,0.72,0.43,1,NA,0.131,0.625,NA,NA,NA,NA,NA,8,5.241,0.655,0.369,0.360837438423645
"64","HSLMDS [k=8] [kQuality=10] (NLDR)",8,0.655172413793103,0.285714285714286,0.369458128078818,0.714285714285714,"HSLMDS (NLDR)",8,NA,0.72,0.43,1,NA,0.131,0.625,NA,NA,NA,NA,NA,8,5.241,0.655,0.369,0.369458128078818
"65","HSLMDS [k=28] [kQuality=25] (NLDR)",9,0.67816091954023,0.321428571428571,0.356732348111658,0.678571428571429,"HSLMDS (NLDR)",28,NA,0.75,0.48,1,NA,0.083,0.75,NA,NA,NA,NA,NA,9,6.103,0.678,0.357,0.356732348111658
"66","HSLMDS [k=8] [kQuality=10] (NLDR)",10,0.713793103448276,0.357142857142857,0.356650246305419,0.642857142857143,"HSLMDS (NLDR)",8,NA,0.72,0.43,1,NA,0.131,0.625,NA,NA,NA,NA,NA,8,5.241,0.655,0.369,0.356650246305419
"67","HSLMDS [k=27] [kQuality=24] (NLDR)",11,0.746081504702194,0.392857142857143,0.353224361845052,0.607142857142857,"HSLMDS (NLDR)",27,NA,0.74,0.46,1,NA,0.569,0.5,NA,NA,NA,NA,NA,11,8.207,0.746,0.353,0.353224361845052
"68","HSLMDS [k=16] [kQuality=13] (NLDR)",12,0.770114942528736,0.428571428571429,0.341543513957307,0.571428571428571,"HSLMDS (NLDR)",16,NA,0.72,0.42,1,NA,0.12,0.75,NA,NA,NA,NA,NA,12,9.241,0.77,0.342,0.341543513957307
"69","HSLMDS [k=25] [kQuality=26] (NLDR)",13,0.790450928381963,0.464285714285714,0.326165214096249,0.535714285714286,"HSLMDS (NLDR)",25,NA,0.73,0.44,1,NA,0.075,0.5,NA,NA,NA,NA,NA,12,9.138,0.761,0.333,0.326165214096249
"70","HSLMDS [k=25] [kQuality=26] (NLDR)",14,0.817733990147783,0.5,0.317733990147783,0.5,"HSLMDS (NLDR)",25,NA,0.73,0.44,1,NA,0.075,0.5,NA,NA,NA,NA,NA,12,9.138,0.761,0.333,0.317733990147783
"71","HSLMDS [k=16] [kQuality=15] (NLDR)",15,0.836781609195402,0.535714285714286,0.301067323481117,0.464285714285714,"HSLMDS (NLDR)",16,NA,0.72,0.41,1,NA,0.192,0.75,NA,NA,NA,NA,NA,12,9.172,0.764,0.336,0.301067323481117
"72","HSLMDS [k=17] [kQuality=14] (NLDR)",16,0.853448275862069,0.571428571428571,0.282019704433498,0.428571428571429,"HSLMDS (NLDR)",17,NA,0.72,0.43,1,NA,0.078,0.75,NA,NA,NA,NA,NA,12,8.897,0.741,0.313,0.282019704433498
"73","HSLMDS [k=17] [kQuality=14] (NLDR)",17,0.874239350912779,0.607142857142857,0.267096493769922,0.392857142857143,"HSLMDS (NLDR)",17,NA,0.72,0.43,1,NA,0.078,0.75,NA,NA,NA,NA,NA,12,8.897,0.741,0.313,0.267096493769922
"74","HSLMDS [k=28] [kQuality=25] (NLDR)",18,0.885057471264368,0.642857142857143,0.242200328407225,0.357142857142857,"HSLMDS (NLDR)",28,NA,0.75,0.48,1,NA,0.083,0.75,NA,NA,NA,NA,NA,9,6.103,0.678,0.357,0.242200328407225
"75","HSLMDS [k=28] [kQuality=25] (NLDR)",19,0.909255898366606,0.678571428571429,0.230684469795178,0.321428571428571,"HSLMDS (NLDR)",28,NA,0.75,0.48,1,NA,0.083,0.75,NA,NA,NA,NA,NA,9,6.103,0.678,0.357,0.230684469795178
"76","HSLMDS [k=28] [kQuality=25] (NLDR)",20,0.913793103448276,0.714285714285714,0.199507389162562,0.285714285714286,"HSLMDS (NLDR)",28,NA,0.75,0.48,1,NA,0.083,0.75,NA,NA,NA,NA,NA,9,6.103,0.678,0.357,0.199507389162562
"77","HSLMDS [k=27] [kQuality=24] (NLDR)",21,0.929392446633826,0.75,0.179392446633826,0.25,"HSLMDS (NLDR)",27,NA,0.74,0.46,1,NA,0.569,0.5,NA,NA,NA,NA,NA,11,8.207,0.746,0.353,0.179392446633826
"78","HSLMDS [k=20] [kQuality=18] (NLDR)",22,0.931034482758621,0.785714285714286,0.145320197044335,0.214285714285714,"HSLMDS (NLDR)",20,NA,0.71,0.4,1,NA,0.117,0.25,NA,NA,NA,NA,NA,11,7.862,0.715,0.322,0.145320197044335
"79","HSLMDS [k=27] [kQuality=24] (NLDR)",23,0.938530734632684,0.821428571428571,0.117102163204112,0.178571428571429,"HSLMDS (NLDR)",27,NA,0.74,0.46,1,NA,0.569,0.5,NA,NA,NA,NA,NA,11,8.207,0.746,0.353,0.117102163204112
"80","HSLMDS [k=22] [kQuality=19] (NLDR)",24,0.952586206896552,0.857142857142857,0.0954433497536946,0.142857142857143,"HSLMDS (NLDR)",22,NA,0.72,0.43,1,NA,0.109,0.75,NA,NA,NA,NA,NA,9,5.724,0.636,0.315,0.0954433497536946
"81","HSLMDS [k=24] [kQuality=21] (NLDR)",25,0.969655172413793,0.892857142857143,0.0767980295566502,0.107142857142857,"HSLMDS (NLDR)",24,NA,0.71,0.4,1,NA,0.095,0.5,NA,NA,NA,NA,NA,10,6.897,0.69,0.333,0.0767980295566502
"82","HSLMDS [k=25] [kQuality=26] (NLDR)",26,0.980106100795756,0.928571428571429,0.0515346722243274,0.0714285714285714,"HSLMDS (NLDR)",25,NA,0.73,0.44,1,NA,0.075,0.5,NA,NA,NA,NA,NA,12,9.138,0.761,0.333,0.0515346722243274
"83","HSLMDS [k=25] [kQuality=26] (NLDR)",27,0.992337164750958,0.964285714285714,0.0280514504652436,0.0357142857142857,"HSLMDS (NLDR)",25,NA,0.73,0.44,1,NA,0.075,0.5,NA,NA,NA,NA,NA,12,9.138,0.761,0.333,0.0280514504652436
"84","HSLMDS [k=10] [kQuality=10] (NLDR)",28,1,1,0,0,"HSLMDS (NLDR)",10,NA,0.71,0.41,1,NA,0.104,0.75,NA,NA,NA,NA,NA,10,6.966,0.697,0.339,0
"85","HSLMDS [k=16] (rNLDR)",1,0.241379310344828,0.0357142857142857,0.205665024630542,0.964285714285714,"HSLMDS (rNLDR)",16,NA,0.73,0.43,1,NA,5.74,0.75,NA,NA,NA,NA,NA,8,4.966,0.621,0.335,0.205665024630542
"86","HSLMDS [k=3] (rNLDR)",2,0.413793103448276,0.0714285714285714,0.342364532019704,0.928571428571429,"HSLMDS (rNLDR)",3,NA,0.68,0.33,1,NA,5.489,0.625,NA,NA,NA,NA,NA,3,1.448,0.483,0.376,0.342364532019704
"87","HSLMDS [k=3] (rNLDR)",3,0.482758620689655,0.107142857142857,0.375615763546798,0.892857142857143,"HSLMDS (rNLDR)",3,NA,0.68,0.33,1,NA,5.489,0.625,NA,NA,NA,NA,NA,3,1.448,0.483,0.376,0.375615763546798
"88","HSLMDS [k=4] (rNLDR)",4,0.482758620689655,0.142857142857143,0.339901477832512,0.857142857142857,"HSLMDS (rNLDR)",4,NA,0.69,0.35,1,NA,5.301,0.625,NA,NA,NA,NA,NA,2,0.828,0.414,0.342,0.339901477832512
"89","HSLMDS [k=5] (rNLDR)",5,0.524137931034483,0.178571428571429,0.345566502463054,0.821428571428571,"HSLMDS (rNLDR)",5,NA,0.71,0.4,1,NA,5.513,0.5,NA,NA,NA,NA,NA,7,4.172,0.596,0.346,0.345566502463054
"90","HSLMDS [k=6] (rNLDR)",6,0.557471264367816,0.214285714285714,0.343185550082102,0.785714285714286,"HSLMDS (rNLDR)",6,NA,0.71,0.4,1,NA,5.404,0.875,NA,NA,NA,NA,NA,8,5.034,0.629,0.344,0.343185550082102
"91","HSLMDS [k=8] (rNLDR)",7,0.610837438423645,0.25,0.360837438423645,0.75,"HSLMDS (rNLDR)",8,NA,0.72,0.42,1,NA,5.542,0.625,NA,NA,NA,NA,NA,8,5.276,0.659,0.374,0.360837438423645
"92","HSLMDS [k=8] (rNLDR)",8,0.65948275862069,0.285714285714286,0.373768472906404,0.714285714285714,"HSLMDS (rNLDR)",8,NA,0.72,0.42,1,NA,5.542,0.625,NA,NA,NA,NA,NA,8,5.276,0.659,0.374,0.373768472906404
"93","HSLMDS [k=9] (rNLDR)",9,0.67816091954023,0.321428571428571,0.356732348111658,0.678571428571429,"HSLMDS (rNLDR)",9,NA,0.73,0.44,1,NA,5.633,0.625,NA,NA,NA,NA,NA,9,6.103,0.678,0.357,0.356732348111658
"94","HSLMDS [k=24] (rNLDR)",10,0.720689655172414,0.357142857142857,0.363546798029557,0.642857142857143,"HSLMDS (rNLDR)",24,NA,0.74,0.47,1,NA,5.568,0.75,NA,NA,NA,NA,NA,10,7.207,0.721,0.364,0.363546798029557
"95","HSLMDS [k=24] (rNLDR)",11,0.752351097178683,0.392857142857143,0.359493954321541,0.607142857142857,"HSLMDS (rNLDR)",24,NA,0.74,0.47,1,NA,5.568,0.75,NA,NA,NA,NA,NA,10,7.207,0.721,0.364,0.359493954321541
"96","HSLMDS [k=27] (rNLDR)",12,0.770114942528736,0.428571428571429,0.341543513957307,0.571428571428571,"HSLMDS (rNLDR)",27,NA,0.74,0.46,1,NA,5.399,0.5,NA,NA,NA,NA,NA,11,8.207,0.746,0.353,0.341543513957307
"97","HSLMDS [k=24] (rNLDR)",13,0.793103448275862,0.464285714285714,0.328817733990148,0.535714285714286,"HSLMDS (rNLDR)",24,NA,0.74,0.47,1,NA,5.568,0.75,NA,NA,NA,NA,NA,10,7.207,0.721,0.364,0.328817733990148
"98","HSLMDS [k=24] (rNLDR)",14,0.820197044334975,0.5,0.320197044334975,0.5,"HSLMDS (rNLDR)",24,NA,0.74,0.47,1,NA,5.568,0.75,NA,NA,NA,NA,NA,10,7.207,0.721,0.364,0.320197044334975
"99","HSLMDS [k=15] (rNLDR)",15,0.832183908045977,0.535714285714286,0.296469622331691,0.464285714285714,"HSLMDS (rNLDR)",15,NA,0.72,0.43,1,NA,5.054,0.625,NA,NA,NA,NA,NA,11,8.034,0.73,0.338,0.296469622331691
"100","HSLMDS [k=24] (rNLDR)",16,0.853448275862069,0.571428571428571,0.282019704433498,0.428571428571429,"HSLMDS (rNLDR)",24,NA,0.74,0.47,1,NA,5.568,0.75,NA,NA,NA,NA,NA,10,7.207,0.721,0.364,0.282019704433498
"101","HSLMDS [k=24] (rNLDR)",17,0.864097363083164,0.607142857142857,0.256954505940307,0.392857142857143,"HSLMDS (rNLDR)",24,NA,0.74,0.47,1,NA,5.568,0.75,NA,NA,NA,NA,NA,10,7.207,0.721,0.364,0.256954505940307
"102","HSLMDS [k=24] (rNLDR)",18,0.883141762452107,0.642857142857143,0.240284619594964,0.357142857142857,"HSLMDS (rNLDR)",24,NA,0.74,0.47,1,NA,5.568,0.75,NA,NA,NA,NA,NA,10,7.207,0.721,0.364,0.240284619594964
"103","HSLMDS [k=24] (rNLDR)",19,0.900181488203267,0.678571428571429,0.221610059631838,0.321428571428571,"HSLMDS (rNLDR)",24,NA,0.74,0.47,1,NA,5.568,0.75,NA,NA,NA,NA,NA,10,7.207,0.721,0.364,0.221610059631838
"104","HSLMDS [k=24] (rNLDR)",20,0.91551724137931,0.714285714285714,0.201231527093596,0.285714285714286,"HSLMDS (rNLDR)",24,NA,0.74,0.47,1,NA,5.568,0.75,NA,NA,NA,NA,NA,10,7.207,0.721,0.364,0.201231527093596
"105","HSLMDS [k=24] (rNLDR)",21,0.929392446633826,0.75,0.179392446633826,0.25,"HSLMDS (rNLDR)",24,NA,0.74,0.47,1,NA,5.568,0.75,NA,NA,NA,NA,NA,10,7.207,0.721,0.364,0.179392446633826
"106","HSLMDS [k=24] (rNLDR)",22,0.935736677115988,0.785714285714286,0.150022391401702,0.214285714285714,"HSLMDS (rNLDR)",24,NA,0.74,0.47,1,NA,5.568,0.75,NA,NA,NA,NA,NA,10,7.207,0.721,0.364,0.150022391401702
"107","HSLMDS [k=24] (rNLDR)",23,0.943028485757121,0.821428571428571,0.12159991432855,0.178571428571429,"HSLMDS (rNLDR)",24,NA,0.74,0.47,1,NA,5.568,0.75,NA,NA,NA,NA,NA,10,7.207,0.721,0.364,0.12159991432855
"108","HSLMDS [k=22] (rNLDR)",24,0.951149425287356,0.857142857142857,0.0940065681444993,0.142857142857143,"HSLMDS (rNLDR)",22,NA,0.72,0.42,1,NA,11.519,0.625,NA,NA,NA,NA,NA,9,5.931,0.659,0.338,0.0940065681444993
"109","HSLMDS [k=22] (rNLDR)",25,0.966896551724138,0.892857142857143,0.074039408866995,0.107142857142857,"HSLMDS (rNLDR)",22,NA,0.72,0.42,1,NA,11.519,0.625,NA,NA,NA,NA,NA,9,5.931,0.659,0.338,0.074039408866995
"110","HSLMDS [k=24] (rNLDR)",26,0.980106100795756,0.928571428571429,0.0515346722243274,0.0714285714285714,"HSLMDS (rNLDR)",24,NA,0.74,0.47,1,NA,5.568,0.75,NA,NA,NA,NA,NA,10,7.207,0.721,0.364,0.0515346722243274
"111","HSLMDS [k=24] (rNLDR)",27,0.993614303959132,0.964285714285714,0.0293285896734172,0.0357142857142857,"HSLMDS (rNLDR)",24,NA,0.74,0.47,1,NA,5.568,0.75,NA,NA,NA,NA,NA,10,7.207,0.721,0.364,0.0293285896734172
"112","HSLMDS [k=10] (rNLDR)",28,1,1,0,0,"HSLMDS (rNLDR)",10,NA,0.72,0.41,1,NA,6.466,0.25,NA,NA,NA,NA,NA,11,8.069,0.734,0.341,0
"113","HSMDS (NLDR)",1,0.172413793103448,0.0357142857142857,0.136699507389163,0.964285714285714,"HSMDS (NLDR)",NA,NA,0.74,0.47,3,0,0.286,0.375,NA,NA,NA,NA,NA,10,7.069,0.707,0.35,0.136699507389163
"114","HSMDS (NLDR)",2,0.258620689655172,0.0714285714285714,0.187192118226601,0.928571428571429,"HSMDS (NLDR)",NA,NA,0.74,0.47,3,0,0.286,0.375,NA,NA,NA,NA,NA,10,7.069,0.707,0.35,0.187192118226601
"115","HSMDS (NLDR)",3,0.35632183908046,0.107142857142857,0.249178981937603,0.892857142857143,"HSMDS (NLDR)",NA,NA,0.74,0.47,3,0,0.286,0.375,NA,NA,NA,NA,NA,10,7.069,0.707,0.35,0.249178981937603
"116","HSMDS (NLDR)",4,0.413793103448276,0.142857142857143,0.270935960591133,0.857142857142857,"HSMDS (NLDR)",NA,NA,0.74,0.47,3,0,0.286,0.375,NA,NA,NA,NA,NA,10,7.069,0.707,0.35,0.270935960591133
"117","HSMDS (NLDR)",5,0.468965517241379,0.178571428571429,0.290394088669951,0.821428571428571,"HSMDS (NLDR)",NA,NA,0.74,0.47,3,0,0.286,0.375,NA,NA,NA,NA,NA,10,7.069,0.707,0.35,0.290394088669951
"118","HSMDS (NLDR)",6,0.517241379310345,0.214285714285714,0.302955665024631,0.785714285714286,"HSMDS (NLDR)",NA,NA,0.74,0.47,3,0,0.286,0.375,NA,NA,NA,NA,NA,10,7.069,0.707,0.35,0.302955665024631
"119","HSMDS (NLDR)",7,0.571428571428571,0.25,0.321428571428571,0.75,"HSMDS (NLDR)",NA,NA,0.74,0.47,3,0,0.286,0.375,NA,NA,NA,NA,NA,10,7.069,0.707,0.35,0.321428571428571
"120","HSMDS (NLDR)",8,0.629310344827586,0.285714285714286,0.3435960591133,0.714285714285714,"HSMDS (NLDR)",NA,NA,0.74,0.47,3,0,0.286,0.375,NA,NA,NA,NA,NA,10,7.069,0.707,0.35,0.3435960591133
"121","HSMDS (NLDR)",9,0.666666666666667,0.321428571428571,0.345238095238095,0.678571428571429,"HSMDS (NLDR)",NA,NA,0.74,0.47,3,0,0.286,0.375,NA,NA,NA,NA,NA,10,7.069,0.707,0.35,0.345238095238095
"122","HSMDS (NLDR)",10,0.706896551724138,0.357142857142857,0.349753694581281,0.642857142857143,"HSMDS (NLDR)",NA,NA,0.74,0.47,3,0,0.286,0.375,NA,NA,NA,NA,NA,10,7.069,0.707,0.35,0.349753694581281
"123","HSMDS (NLDR)",11,0.730407523510972,0.392857142857143,0.337550380653829,0.607142857142857,"HSMDS (NLDR)",NA,NA,0.74,0.47,3,0,0.286,0.375,NA,NA,NA,NA,NA,10,7.069,0.707,0.35,0.337550380653829
"124","HSMDS (NLDR)",12,0.770114942528736,0.428571428571429,0.341543513957307,0.571428571428571,"HSMDS (NLDR)",NA,NA,0.74,0.47,3,0,0.286,0.375,NA,NA,NA,NA,NA,10,7.069,0.707,0.35,0.341543513957307
"125","HSMDS (NLDR)",13,0.782493368700265,0.464285714285714,0.318207654414551,0.535714285714286,"HSMDS (NLDR)",NA,NA,0.74,0.47,3,0,0.286,0.375,NA,NA,NA,NA,NA,10,7.069,0.707,0.35,0.318207654414551
"126","HSMDS (NLDR)",14,0.820197044334975,0.5,0.320197044334975,0.5,"HSMDS (NLDR)",NA,NA,0.74,0.47,3,0,0.286,0.375,NA,NA,NA,NA,NA,10,7.069,0.707,0.35,0.320197044334975
"127","HSMDS (NLDR)",15,0.83448275862069,0.535714285714286,0.298768472906404,0.464285714285714,"HSMDS (NLDR)",NA,NA,0.74,0.47,3,0,0.286,0.375,NA,NA,NA,NA,NA,10,7.069,0.707,0.35,0.298768472906404
"128","HSMDS (NLDR)",16,0.851293103448276,0.571428571428571,0.279864532019705,0.428571428571429,"HSMDS (NLDR)",NA,NA,0.74,0.47,3,0,0.286,0.375,NA,NA,NA,NA,NA,10,7.069,0.707,0.35,0.279864532019705
"129","HSMDS (NLDR)",17,0.86815415821501,0.607142857142857,0.261011301072153,0.392857142857143,"HSMDS (NLDR)",NA,NA,0.74,0.47,3,0,0.286,0.375,NA,NA,NA,NA,NA,10,7.069,0.707,0.35,0.261011301072153
"130","HSMDS (NLDR)",18,0.888888888888889,0.642857142857143,0.246031746031746,0.357142857142857,"HSMDS (NLDR)",NA,NA,0.74,0.47,3,0,0.286,0.375,NA,NA,NA,NA,NA,10,7.069,0.707,0.35,0.246031746031746
"131","HSMDS (NLDR)",19,0.901996370235935,0.678571428571429,0.223424941664506,0.321428571428571,"HSMDS (NLDR)",NA,NA,0.74,0.47,3,0,0.286,0.375,NA,NA,NA,NA,NA,10,7.069,0.707,0.35,0.223424941664506
"132","HSMDS (NLDR)",20,0.910344827586207,0.714285714285714,0.196059113300493,0.285714285714286,"HSMDS (NLDR)",NA,NA,0.74,0.47,3,0,0.286,0.375,NA,NA,NA,NA,NA,10,7.069,0.707,0.35,0.196059113300493
"133","HSMDS (NLDR)",21,0.926108374384236,0.75,0.176108374384236,0.25,"HSMDS (NLDR)",NA,NA,0.74,0.47,3,0,0.286,0.375,NA,NA,NA,NA,NA,10,7.069,0.707,0.35,0.176108374384236
"134","HSMDS (NLDR)",22,0.932601880877743,0.785714285714286,0.146887595163457,0.214285714285714,"HSMDS (NLDR)",NA,NA,0.74,0.47,3,0,0.286,0.375,NA,NA,NA,NA,NA,10,7.069,0.707,0.35,0.146887595163457
"135","HSMDS (NLDR)",23,0.943028485757121,0.821428571428571,0.12159991432855,0.178571428571429,"HSMDS (NLDR)",NA,NA,0.74,0.47,3,0,0.286,0.375,NA,NA,NA,NA,NA,10,7.069,0.707,0.35,0.12159991432855
"136","HSMDS (NLDR)",24,0.952586206896552,0.857142857142857,0.0954433497536946,0.142857142857143,"HSMDS (NLDR)",NA,NA,0.74,0.47,3,0,0.286,0.375,NA,NA,NA,NA,NA,10,7.069,0.707,0.35,0.0954433497536946
"137","HSMDS (NLDR)",25,0.964137931034483,0.892857142857143,0.0712807881773398,0.107142857142857,"HSMDS (NLDR)",NA,NA,0.74,0.47,3,0,0.286,0.375,NA,NA,NA,NA,NA,10,7.069,0.707,0.35,0.0712807881773398
"138","HSMDS (NLDR)",26,0.978779840848806,0.928571428571429,0.0502084122773777,0.0714285714285714,"HSMDS (NLDR)",NA,NA,0.74,0.47,3,0,0.286,0.375,NA,NA,NA,NA,NA,10,7.069,0.707,0.35,0.0502084122773777
"139","HSMDS (NLDR)",27,0.994891443167305,0.964285714285714,0.030605728881591,0.0357142857142857,"HSMDS (NLDR)",NA,NA,0.74,0.47,3,0,0.286,0.375,NA,NA,NA,NA,NA,10,7.069,0.707,0.35,0.030605728881591
"140","HSMDS (NLDR)",28,1,1,0,0,"HSMDS (NLDR)",NA,NA,0.74,0.47,3,0,0.286,0.375,NA,NA,NA,NA,NA,10,7.069,0.707,0.35,0
"141","Isomap [k=16]",1,0.241379310344828,0.0357142857142857,0.205665024630542,0.964285714285714,"Isomap",16,NA,0.7,0.38,1,NA,0.05,0.75,NA,NA,NA,NA,NA,8,4.517,0.565,0.279,0.205665024630542
"142","Isomap [k=28]",2,0.379310344827586,0.0714285714285714,0.307881773399015,0.928571428571429,"Isomap",28,NA,0.67,0.31,1,NA,0.05,0.625,NA,NA,NA,NA,NA,2,0.759,0.379,0.308,0.307881773399015
"143","Isomap [k=4]",3,0.390804597701149,0.107142857142857,0.283661740558292,0.892857142857143,"Isomap",4,NA,0.66,0.3,1,NA,0.052,0.75,NA,NA,NA,NA,NA,3,1.172,0.391,0.284,0.283661740558292
"144","Isomap [k=13]",4,0.413793103448276,0.142857142857143,0.270935960591133,0.857142857142857,"Isomap",13,NA,0.69,0.36,1,NA,0.064,0.75,NA,NA,NA,NA,NA,8,4.483,0.56,0.275,0.270935960591133
"145","Isomap [k=4]",5,0.448275862068966,0.178571428571429,0.269704433497537,0.821428571428571,"Isomap",4,NA,0.66,0.3,1,NA,0.052,0.75,NA,NA,NA,NA,NA,3,1.172,0.391,0.284,0.269704433497537
"146","Isomap [k=14]",6,0.5,0.214285714285714,0.285714285714286,0.785714285714286,"Isomap",14,NA,0.7,0.37,1,NA,0.064,0.5,NA,NA,NA,NA,NA,8,4.586,0.573,0.288,0.285714285714286
"147","Isomap [k=14]",7,0.532019704433498,0.25,0.282019704433498,0.75,"Isomap",14,NA,0.7,0.37,1,NA,0.064,0.5,NA,NA,NA,NA,NA,8,4.586,0.573,0.288,0.282019704433498
"148","Isomap [k=22]",8,0.586206896551724,0.285714285714286,0.300492610837438,0.714285714285714,"Isomap",22,NA,0.71,0.41,1,NA,0.052,0.375,NA,NA,NA,NA,NA,10,7.034,0.703,0.346,0.300492610837438
"149","Isomap [k=22]",9,0.647509578544061,0.321428571428571,0.32608100711549,0.678571428571429,"Isomap",22,NA,0.71,0.41,1,NA,0.052,0.375,NA,NA,NA,NA,NA,10,7.034,0.703,0.346,0.32608100711549
"150","Isomap [k=22]",10,0.703448275862069,0.357142857142857,0.346305418719212,0.642857142857143,"Isomap",22,NA,0.71,0.41,1,NA,0.052,0.375,NA,NA,NA,NA,NA,10,7.034,0.703,0.346,0.346305418719212
"151","Isomap [k=22]",11,0.717868338557994,0.392857142857143,0.325011195700851,0.607142857142857,"Isomap",22,NA,0.71,0.41,1,NA,0.052,0.375,NA,NA,NA,NA,NA,10,7.034,0.703,0.346,0.325011195700851
"152","Isomap [k=19]",12,0.744252873563218,0.428571428571429,0.31568144499179,0.571428571428571,"Isomap",19,NA,0.71,0.4,1,NA,0.054,0.375,NA,NA,NA,NA,NA,12,8.931,0.744,0.316,0.31568144499179
"153","Isomap [k=22]",13,0.763925729442971,0.464285714285714,0.299640015157256,0.535714285714286,"Isomap",22,NA,0.71,0.41,1,NA,0.052,0.375,NA,NA,NA,NA,NA,10,7.034,0.703,0.346,0.299640015157256
"154","Isomap [k=22]",14,0.780788177339901,0.5,0.280788177339901,0.5,"Isomap",22,NA,0.71,0.41,1,NA,0.052,0.375,NA,NA,NA,NA,NA,10,7.034,0.703,0.346,0.280788177339901
"155","Isomap [k=19]",15,0.8,0.535714285714286,0.264285714285714,0.464285714285714,"Isomap",19,NA,0.71,0.4,1,NA,0.054,0.375,NA,NA,NA,NA,NA,12,8.931,0.744,0.316,0.264285714285714
"156","Isomap [k=19]",16,0.818965517241379,0.571428571428571,0.247536945812808,0.428571428571429,"Isomap",19,NA,0.71,0.4,1,NA,0.054,0.375,NA,NA,NA,NA,NA,12,8.931,0.744,0.316,0.247536945812808
"157","Isomap [k=23]",17,0.835699797160243,0.607142857142857,0.228556940017386,0.392857142857143,"Isomap",23,NA,0.7,0.38,1,NA,0.053,0.5,NA,NA,NA,NA,NA,9,5.517,0.613,0.292,0.228556940017386
"158","Isomap [k=23]",18,0.860153256704981,0.642857142857143,0.217296113847838,0.357142857142857,"Isomap",23,NA,0.7,0.38,1,NA,0.053,0.5,NA,NA,NA,NA,NA,9,5.517,0.613,0.292,0.217296113847838
"159","Isomap [k=21]",19,0.88021778584392,0.678571428571429,0.201646357272492,0.321428571428571,"Isomap",21,NA,0.71,0.39,1,NA,0.052,0.375,NA,NA,NA,NA,NA,10,6.655,0.666,0.308,0.201646357272492
"160","Isomap [k=21]",20,0.896551724137931,0.714285714285714,0.182266009852217,0.285714285714286,"Isomap",21,NA,0.71,0.39,1,NA,0.052,0.375,NA,NA,NA,NA,NA,10,6.655,0.666,0.308,0.182266009852217
"161","Isomap [k=20]",21,0.909688013136289,0.75,0.159688013136289,0.25,"Isomap",20,NA,0.71,0.4,1,NA,0.051,0.5,NA,NA,NA,NA,NA,11,7.862,0.715,0.322,0.159688013136289
"162","Isomap [k=23]",22,0.921630094043887,0.785714285714286,0.135915808329601,0.214285714285714,"Isomap",23,NA,0.7,0.38,1,NA,0.053,0.5,NA,NA,NA,NA,NA,9,5.517,0.613,0.292,0.135915808329601
"163","Isomap [k=23]",23,0.932533733133433,0.821428571428571,0.111105161704862,0.178571428571429,"Isomap",23,NA,0.7,0.38,1,NA,0.053,0.5,NA,NA,NA,NA,NA,9,5.517,0.613,0.292,0.111105161704862
"164","Isomap [k=24]",24,0.949712643678161,0.857142857142857,0.0925697865353038,0.142857142857143,"Isomap",24,NA,0.69,0.37,1,NA,0.05,0.5,NA,NA,NA,NA,NA,8,4.448,0.556,0.27,0.0925697865353038
"165","Isomap [k=24]",25,0.966896551724138,0.892857142857143,0.074039408866995,0.107142857142857,"Isomap",24,NA,0.69,0.37,1,NA,0.05,0.5,NA,NA,NA,NA,NA,8,4.448,0.556,0.27,0.074039408866995
"166","Isomap [k=26]",26,0.978779840848806,0.928571428571429,0.0502084122773777,0.0714285714285714,"Isomap",26,NA,0.68,0.34,1,NA,0.05,0.375,NA,NA,NA,NA,NA,9,5.207,0.579,0.257,0.0502084122773777
"167","Isomap [k=27]",27,0.993614303959132,0.964285714285714,0.0293285896734172,0.0357142857142857,"Isomap",27,NA,0.67,0.32,1,NA,0.055,0.5,NA,NA,NA,NA,NA,2,0.69,0.345,0.273,0.0293285896734172
"168","Isomap [k=10]",28,1,1,0,0,"Isomap",10,NA,0.66,0.3,1,NA,0.048,0.125,NA,NA,NA,NA,NA,8,4.31,0.539,0.253,0
"169","LMDS [k=25] [kQuality=26] (NLDR)",1,0.344827586206897,0.0357142857142857,0.309113300492611,0.964285714285714,"LMDS (NLDR)",25,NA,0.71,0.39,1,NA,0.033,0.625,NA,NA,NA,NA,NA,1,0.345,0.345,0.309,0.309113300492611
"170","LMDS [k=4] [kQuality=1] (NLDR)",2,0.431034482758621,0.0714285714285714,0.359605911330049,0.928571428571429,"LMDS (NLDR)",4,NA,0.7,0.38,1,NA,0.026,0.75,NA,NA,NA,NA,NA,2,0.862,0.431,0.36,0.359605911330049
"171","LMDS [k=3] [kQuality=1] (NLDR)",3,0.482758620689655,0.107142857142857,0.375615763546798,0.892857142857143,"LMDS (NLDR)",3,NA,0.68,0.34,1,NA,0.134,0.625,NA,NA,NA,NA,NA,3,1.448,0.483,0.376,0.375615763546798
"172","LMDS [k=3] [kQuality=1] (NLDR)",4,0.474137931034483,0.142857142857143,0.33128078817734,0.857142857142857,"LMDS (NLDR)",3,NA,0.68,0.34,1,NA,0.134,0.625,NA,NA,NA,NA,NA,3,1.448,0.483,0.376,0.33128078817734
"173","LMDS [k=5] [kQuality=2] (NLDR)",5,0.531034482758621,0.178571428571429,0.352463054187192,0.821428571428571,"LMDS (NLDR)",5,NA,0.71,0.4,1,NA,0.033,0.5,NA,NA,NA,NA,NA,5,2.655,0.531,0.352,0.352463054187192
"174","LMDS [k=6] [kQuality=6] (NLDR)",6,0.545977011494253,0.214285714285714,0.331691297208539,0.785714285714286,"LMDS (NLDR)",6,NA,0.71,0.4,1,NA,0.026,0.625,NA,NA,NA,NA,NA,7,4.172,0.596,0.346,0.331691297208539
"175","LMDS [k=5] [kQuality=2] (NLDR)",7,0.600985221674877,0.25,0.350985221674877,0.75,"LMDS (NLDR)",5,NA,0.71,0.4,1,NA,0.033,0.5,NA,NA,NA,NA,NA,5,2.655,0.531,0.352,0.350985221674877
"176","LMDS [k=8] [kQuality=5] (NLDR)",8,0.642241379310345,0.285714285714286,0.356527093596059,0.714285714285714,"LMDS (NLDR)",8,NA,0.72,0.43,1,NA,0.024,0.625,NA,NA,NA,NA,NA,9,6.103,0.678,0.357,0.356527093596059
"177","LMDS [k=8] [kQuality=5] (NLDR)",9,0.67816091954023,0.321428571428571,0.356732348111658,0.678571428571429,"LMDS (NLDR)",8,NA,0.72,0.43,1,NA,0.024,0.625,NA,NA,NA,NA,NA,9,6.103,0.678,0.357,0.356732348111658
"178","LMDS [k=22] [kQuality=20] (NLDR)",10,0.710344827586207,0.357142857142857,0.35320197044335,0.642857142857143,"LMDS (NLDR)",22,NA,0.72,0.43,1,NA,0.131,0.5,NA,NA,NA,NA,NA,10,7.103,0.71,0.353,0.35320197044335
"179","LMDS [k=9] [kQuality=6] (NLDR)",11,0.739811912225705,0.392857142857143,0.346954769368562,0.607142857142857,"LMDS (NLDR)",9,NA,0.73,0.43,1,NA,0.027,0.625,NA,NA,NA,NA,NA,10,7.103,0.71,0.353,0.346954769368562
"180","LMDS [k=16] [kQuality=13] (NLDR)",12,0.767241379310345,0.428571428571429,0.338669950738916,0.571428571428571,"LMDS (NLDR)",16,NA,0.72,0.43,1,NA,0.02,0.75,NA,NA,NA,NA,NA,12,9.207,0.767,0.339,0.338669950738916
"181","LMDS [k=13] [kQuality=10] (NLDR)",13,0.790450928381963,0.464285714285714,0.326165214096249,0.535714285714286,"LMDS (NLDR)",13,NA,0.72,0.41,1,NA,0.023,0.375,NA,NA,NA,NA,NA,10,6.897,0.69,0.333,0.326165214096249
"182","LMDS [k=14] [kQuality=11] (NLDR)",14,0.810344827586207,0.5,0.310344827586207,0.5,"LMDS (NLDR)",14,NA,0.71,0.4,1,NA,0.116,0.625,NA,NA,NA,NA,NA,11,8.069,0.734,0.341,0.310344827586207
"183","LMDS [k=15] [kQuality=12] (NLDR)",15,0.827586206896552,0.535714285714286,0.291871921182266,0.464285714285714,"LMDS (NLDR)",15,NA,0.73,0.43,1,NA,0.019,0.625,NA,NA,NA,NA,NA,11,8.034,0.73,0.338,0.291871921182266
"184","LMDS [k=15] [kQuality=12] (NLDR)",16,0.836206896551724,0.571428571428571,0.264778325123153,0.428571428571429,"LMDS (NLDR)",15,NA,0.73,0.43,1,NA,0.019,0.625,NA,NA,NA,NA,NA,11,8.034,0.73,0.338,0.264778325123153
"185","LMDS [k=17] [kQuality=14] (NLDR)",17,0.858012170385396,0.607142857142857,0.250869313242538,0.392857142857143,"LMDS (NLDR)",17,NA,0.72,0.42,1,NA,0.051,0.75,NA,NA,NA,NA,NA,12,8.966,0.747,0.319,0.250869313242538
"186","LMDS [k=17] [kQuality=14] (NLDR)",18,0.862068965517241,0.642857142857143,0.219211822660098,0.357142857142857,"LMDS (NLDR)",17,NA,0.72,0.42,1,NA,0.051,0.75,NA,NA,NA,NA,NA,12,8.966,0.747,0.319,0.219211822660098
"187","LMDS [k=22] [kQuality=19] (NLDR)",19,0.885662431941924,0.678571428571429,0.207091003370495,0.321428571428571,"LMDS (NLDR)",22,NA,0.72,0.42,1,NA,0.054,0.625,NA,NA,NA,NA,NA,9,5.897,0.655,0.334,0.207091003370495
"188","LMDS [k=18] [kQuality=19] (NLDR)",20,0.901724137931034,0.714285714285714,0.18743842364532,0.285714285714286,"LMDS (NLDR)",18,NA,0.71,0.41,1,NA,0.028,0.75,NA,NA,NA,NA,NA,10,6.793,0.679,0.322,0.18743842364532
"189","LMDS [k=17] [kQuality=14] (NLDR)",21,0.912972085385878,0.75,0.162972085385878,0.25,"LMDS (NLDR)",17,NA,0.72,0.42,1,NA,0.051,0.75,NA,NA,NA,NA,NA,12,8.966,0.747,0.319,0.162972085385878
"190","LMDS [k=19] [kQuality=16] (NLDR)",22,0.924764890282132,0.785714285714286,0.139050604567846,0.214285714285714,"LMDS (NLDR)",19,NA,0.71,0.39,1,NA,0.022,0.625,NA,NA,NA,NA,NA,12,8.966,0.747,0.319,0.139050604567846
"191","LMDS [k=22] [kQuality=20] (NLDR)",23,0.932533733133433,0.821428571428571,0.111105161704862,0.178571428571429,"LMDS (NLDR)",22,NA,0.72,0.43,1,NA,0.131,0.5,NA,NA,NA,NA,NA,10,7.103,0.71,0.353,0.111105161704862
"192","LMDS [k=22] [kQuality=20] (NLDR)",24,0.952586206896552,0.857142857142857,0.0954433497536946,0.142857142857143,"LMDS (NLDR)",22,NA,0.72,0.43,1,NA,0.131,0.5,NA,NA,NA,NA,NA,10,7.103,0.71,0.353,0.0954433497536946
"193","LMDS [k=23] [kQuality=24] (NLDR)",25,0.966896551724138,0.892857142857143,0.074039408866995,0.107142857142857,"LMDS (NLDR)",23,NA,0.72,0.41,1,NA,0.037,0.5,NA,NA,NA,NA,NA,11,7.793,0.708,0.316,0.074039408866995
"194","LMDS [k=24] [kQuality=26] (NLDR)",26,0.976127320954907,0.928571428571429,0.0475558923834786,0.0714285714285714,"LMDS (NLDR)",24,NA,0.71,0.4,1,NA,0.044,0.5,NA,NA,NA,NA,NA,12,8.759,0.73,0.301,0.0475558923834786
"195","LMDS [k=17] [kQuality=14] (NLDR)",27,0.98978288633461,0.964285714285714,0.0254971720488961,0.0357142857142857,"LMDS (NLDR)",17,NA,0.72,0.42,1,NA,0.051,0.75,NA,NA,NA,NA,NA,12,8.966,0.747,0.319,0.0254971720488961
"196","LMDS [k=10] [kQuality=10] (NLDR)",28,1,1,0,0,"LMDS (NLDR)",10,NA,0.71,0.41,1,NA,0.027,0.75,NA,NA,NA,NA,NA,10,6.931,0.693,0.336,0
"197","LMDS [k=24] (rNLDR)",1,0.275862068965517,0.0357142857142857,0.240147783251232,0.964285714285714,"LMDS (rNLDR)",24,NA,0.7,0.37,1,NA,3.314,0.625,NA,NA,NA,NA,NA,9,5.517,0.613,0.292,0.240147783251232
"198","LMDS [k=3] (rNLDR)",2,0.413793103448276,0.0714285714285714,0.342364532019704,0.928571428571429,"LMDS (rNLDR)",3,NA,0.68,0.33,1,NA,7.401,0.625,NA,NA,NA,NA,NA,3,1.448,0.483,0.376,0.342364532019704
"199","LMDS [k=3] (rNLDR)",3,0.482758620689655,0.107142857142857,0.375615763546798,0.892857142857143,"LMDS (rNLDR)",3,NA,0.68,0.33,1,NA,7.401,0.625,NA,NA,NA,NA,NA,3,1.448,0.483,0.376,0.375615763546798
"200","LMDS [k=4] (rNLDR)",4,0.482758620689655,0.142857142857143,0.339901477832512,0.857142857142857,"LMDS (rNLDR)",4,NA,0.69,0.35,1,NA,2.847,0.625,NA,NA,NA,NA,NA,2,0.828,0.414,0.342,0.339901477832512
"201","LMDS [k=5] (rNLDR)",5,0.517241379310345,0.178571428571429,0.338669950738916,0.821428571428571,"LMDS (rNLDR)",5,NA,0.71,0.4,1,NA,1.367,0.5,NA,NA,NA,NA,NA,7,4.138,0.591,0.341,0.338669950738916
"202","LMDS [k=6] (rNLDR)",6,0.551724137931034,0.214285714285714,0.33743842364532,0.785714285714286,"LMDS (rNLDR)",6,NA,0.71,0.4,1,NA,1.018,0.875,NA,NA,NA,NA,NA,8,5,0.625,0.339,0.33743842364532
"203","LMDS [k=8] (rNLDR)",7,0.610837438423645,0.25,0.360837438423645,0.75,"LMDS (rNLDR)",8,NA,0.72,0.43,1,NA,1.529,0.625,NA,NA,NA,NA,NA,8,5.172,0.647,0.361,0.360837438423645
"204","LMDS [k=8] (rNLDR)",8,0.646551724137931,0.285714285714286,0.360837438423645,0.714285714285714,"LMDS (rNLDR)",8,NA,0.72,0.43,1,NA,1.529,0.625,NA,NA,NA,NA,NA,8,5.172,0.647,0.361,0.360837438423645
"205","LMDS [k=8] (rNLDR)",9,0.67816091954023,0.321428571428571,0.356732348111658,0.678571428571429,"LMDS (rNLDR)",8,NA,0.72,0.43,1,NA,1.529,0.625,NA,NA,NA,NA,NA,8,5.172,0.647,0.361,0.356732348111658
"206","LMDS [k=8] (rNLDR)",10,0.710344827586207,0.357142857142857,0.35320197044335,0.642857142857143,"LMDS (rNLDR)",8,NA,0.72,0.43,1,NA,1.529,0.625,NA,NA,NA,NA,NA,8,5.172,0.647,0.361,0.35320197044335
"207","LMDS [k=11] (rNLDR)",11,0.736677115987461,0.392857142857143,0.343819973130318,0.607142857142857,"LMDS (rNLDR)",11,NA,0.71,0.39,1,NA,0.807,0.5,NA,NA,NA,NA,NA,11,8.103,0.737,0.344,0.343819973130318
"208","LMDS [k=12] (rNLDR)",12,0.764367816091954,0.428571428571429,0.335796387520525,0.571428571428571,"LMDS (rNLDR)",12,NA,0.72,0.42,1,NA,1.008,0.5,NA,NA,NA,NA,NA,10,7,0.7,0.343,0.335796387520525
"209","LMDS [k=13] (rNLDR)",13,0.782493368700265,0.464285714285714,0.318207654414551,0.535714285714286,"LMDS (rNLDR)",13,NA,0.71,0.41,1,NA,0.805,0.625,NA,NA,NA,NA,NA,12,9.069,0.756,0.327,0.318207654414551
"210","LMDS [k=14] (rNLDR)",14,0.810344827586207,0.5,0.310344827586207,0.5,"LMDS (rNLDR)",14,NA,0.71,0.4,1,NA,2.353,0.625,NA,NA,NA,NA,NA,11,8.069,0.734,0.341,0.310344827586207
"211","LMDS [k=15] (rNLDR)",15,0.827586206896552,0.535714285714286,0.291871921182266,0.464285714285714,"LMDS (rNLDR)",15,NA,0.73,0.43,1,NA,2.8,0.625,NA,NA,NA,NA,NA,11,8.034,0.73,0.338,0.291871921182266
"212","LMDS [k=16] (rNLDR)",16,0.84698275862069,0.571428571428571,0.275554187192118,0.428571428571429,"LMDS (rNLDR)",16,NA,0.73,0.43,1,NA,0.955,0.75,NA,NA,NA,NA,NA,8,4.966,0.621,0.335,0.275554187192118
"213","LMDS [k=17] (rNLDR)",17,0.858012170385396,0.607142857142857,0.250869313242538,0.392857142857143,"LMDS (rNLDR)",17,NA,0.72,0.42,1,NA,1.718,0.75,NA,NA,NA,NA,NA,12,8.966,0.747,0.319,0.250869313242538
"214","LMDS [k=16] (rNLDR)",18,0.867816091954023,0.642857142857143,0.22495894909688,0.357142857142857,"LMDS (rNLDR)",16,NA,0.73,0.43,1,NA,0.955,0.75,NA,NA,NA,NA,NA,8,4.966,0.621,0.335,0.22495894909688
"215","LMDS [k=23] (rNLDR)",19,0.887477313974592,0.678571428571429,0.208905885403163,0.321428571428571,"LMDS (rNLDR)",23,NA,0.71,0.41,1,NA,29.896,0.5,NA,NA,NA,NA,NA,9,5.828,0.648,0.326,0.208905885403163
"216","LMDS [k=18] (rNLDR)",20,0.906896551724138,0.714285714285714,0.192610837438424,0.285714285714286,"LMDS (rNLDR)",18,NA,0.71,0.4,1,NA,2.042,0.625,NA,NA,NA,NA,NA,10,6.586,0.659,0.301,0.192610837438424
"217","LMDS [k=21] (rNLDR)",21,0.919540229885057,0.75,0.169540229885057,0.25,"LMDS (rNLDR)",21,NA,0.71,0.4,1,NA,1.415,0.375,NA,NA,NA,NA,NA,9,5.69,0.632,0.311,0.169540229885057
"218","LMDS [k=23] (rNLDR)",22,0.924764890282132,0.785714285714286,0.139050604567846,0.214285714285714,"LMDS (rNLDR)",23,NA,0.71,0.41,1,NA,29.896,0.5,NA,NA,NA,NA,NA,9,5.828,0.648,0.326,0.139050604567846
"219","LMDS [k=18] (rNLDR)",23,0.934032983508246,0.821428571428571,0.112604412079675,0.178571428571429,"LMDS (rNLDR)",18,NA,0.71,0.4,1,NA,2.042,0.625,NA,NA,NA,NA,NA,10,6.586,0.659,0.301,0.112604412079675
"220","LMDS [k=22] (rNLDR)",24,0.951149425287356,0.857142857142857,0.0940065681444993,0.142857142857143,"LMDS (rNLDR)",22,NA,0.72,0.42,1,NA,27.745,0.625,NA,NA,NA,NA,NA,9,5.931,0.659,0.338,0.0940065681444993
"221","LMDS [k=22] (rNLDR)",25,0.966896551724138,0.892857142857143,0.074039408866995,0.107142857142857,"LMDS (rNLDR)",22,NA,0.72,0.42,1,NA,27.745,0.625,NA,NA,NA,NA,NA,9,5.931,0.659,0.338,0.074039408866995
"222","LMDS [k=22] (rNLDR)",26,0.978779840848806,0.928571428571429,0.0502084122773777,0.0714285714285714,"LMDS (rNLDR)",22,NA,0.72,0.42,1,NA,27.745,0.625,NA,NA,NA,NA,NA,9,5.931,0.659,0.338,0.0502084122773777
"223","LMDS [k=17] (rNLDR)",27,0.98978288633461,0.964285714285714,0.0254971720488961,0.0357142857142857,"LMDS (rNLDR)",17,NA,0.72,0.42,1,NA,1.718,0.75,NA,NA,NA,NA,NA,12,8.966,0.747,0.319,0.0254971720488961
"224","LMDS [k=10] (rNLDR)",28,1,1,0,0,"LMDS (rNLDR)",10,NA,0.72,0.41,1,NA,1.885,0.25,NA,NA,NA,NA,NA,11,8.069,0.734,0.341,0
"225","LMDS [k=10] (smacofx)",1,0.172413793103448,0.0357142857142857,0.136699507389163,0.964285714285714,"LMDS (smacofx)",10,NA,0.67,0.31,1,NA,0.29,0.625,NA,NA,NA,NA,NA,2,0.759,0.379,0.308,0.136699507389163
"226","LMDS [k=10] (smacofx)",2,0.379310344827586,0.0714285714285714,0.307881773399015,0.928571428571429,"LMDS (smacofx)",10,NA,0.67,0.31,1,NA,0.29,0.625,NA,NA,NA,NA,NA,2,0.759,0.379,0.308,0.307881773399015
"227","LMDS [k=10] (smacofx)",3,0.344827586206897,0.107142857142857,0.237684729064039,0.892857142857143,"LMDS (smacofx)",10,NA,0.67,0.31,1,NA,0.29,0.625,NA,NA,NA,NA,NA,2,0.759,0.379,0.308,0.237684729064039
"228","LMDS [k=10] (smacofx)",4,0.353448275862069,0.142857142857143,0.210591133004926,0.857142857142857,"LMDS (smacofx)",10,NA,0.67,0.31,1,NA,0.29,0.625,NA,NA,NA,NA,NA,2,0.759,0.379,0.308,0.210591133004926
"229","LMDS [k=10] (smacofx)",5,0.36551724137931,0.178571428571429,0.186945812807882,0.821428571428571,"LMDS (smacofx)",10,NA,0.67,0.31,1,NA,0.29,0.625,NA,NA,NA,NA,NA,2,0.759,0.379,0.308,0.186945812807882
"230","LMDS [k=10] (smacofx)",6,0.390804597701149,0.214285714285714,0.176518883415435,0.785714285714286,"LMDS (smacofx)",10,NA,0.67,0.31,1,NA,0.29,0.625,NA,NA,NA,NA,NA,2,0.759,0.379,0.308,0.176518883415435
"231","LMDS [k=10] (smacofx)",7,0.438423645320197,0.25,0.188423645320197,0.75,"LMDS (smacofx)",10,NA,0.67,0.31,1,NA,0.29,0.625,NA,NA,NA,NA,NA,2,0.759,0.379,0.308,0.188423645320197
"232","LMDS [k=10] (smacofx)",8,0.504310344827586,0.285714285714286,0.2185960591133,0.714285714285714,"LMDS (smacofx)",10,NA,0.67,0.31,1,NA,0.29,0.625,NA,NA,NA,NA,NA,2,0.759,0.379,0.308,0.2185960591133
"233","LMDS [k=10] (smacofx)",9,0.521072796934866,0.321428571428571,0.199644225506294,0.678571428571429,"LMDS (smacofx)",10,NA,0.67,0.31,1,NA,0.29,0.625,NA,NA,NA,NA,NA,2,0.759,0.379,0.308,0.199644225506294
"234","LMDS [k=10] (smacofx)",10,0.568965517241379,0.357142857142857,0.211822660098522,0.642857142857143,"LMDS (smacofx)",10,NA,0.67,0.31,1,NA,0.29,0.625,NA,NA,NA,NA,NA,2,0.759,0.379,0.308,0.211822660098522
"235","LMDS [k=10] (smacofx)",11,0.608150470219436,0.392857142857143,0.215293327362293,0.607142857142857,"LMDS (smacofx)",10,NA,0.67,0.31,1,NA,0.29,0.625,NA,NA,NA,NA,NA,2,0.759,0.379,0.308,0.215293327362293
"236","LMDS [k=10] (smacofx)",12,0.635057471264368,0.428571428571429,0.206486042692939,0.571428571428571,"LMDS (smacofx)",10,NA,0.67,0.31,1,NA,0.29,0.625,NA,NA,NA,NA,NA,2,0.759,0.379,0.308,0.206486042692939
"237","LMDS [k=10] (smacofx)",13,0.663129973474801,0.464285714285714,0.198844259189087,0.535714285714286,"LMDS (smacofx)",10,NA,0.67,0.31,1,NA,0.29,0.625,NA,NA,NA,NA,NA,2,0.759,0.379,0.308,0.198844259189087
"238","LMDS [k=10] (smacofx)",14,0.699507389162562,0.5,0.199507389162562,0.5,"LMDS (smacofx)",10,NA,0.67,0.31,1,NA,0.29,0.625,NA,NA,NA,NA,NA,2,0.759,0.379,0.308,0.199507389162562
"239","LMDS [k=10] (smacofx)",15,0.714942528735632,0.535714285714286,0.179228243021346,0.464285714285714,"LMDS (smacofx)",10,NA,0.67,0.31,1,NA,0.29,0.625,NA,NA,NA,NA,NA,2,0.759,0.379,0.308,0.179228243021346
"240","LMDS [k=10] (smacofx)",16,0.719827586206897,0.571428571428571,0.148399014778325,0.428571428571429,"LMDS (smacofx)",10,NA,0.67,0.31,1,NA,0.29,0.625,NA,NA,NA,NA,NA,2,0.759,0.379,0.308,0.148399014778325
"241","LMDS [k=10] (smacofx)",17,0.73630831643002,0.607142857142857,0.129165459287163,0.392857142857143,"LMDS (smacofx)",10,NA,0.67,0.31,1,NA,0.29,0.625,NA,NA,NA,NA,NA,2,0.759,0.379,0.308,0.129165459287163
"242","LMDS [k=10] (smacofx)",18,0.756704980842912,0.642857142857143,0.113847837985769,0.357142857142857,"LMDS (smacofx)",10,NA,0.67,0.31,1,NA,0.29,0.625,NA,NA,NA,NA,NA,2,0.759,0.379,0.308,0.113847837985769
"243","LMDS [k=10] (smacofx)",19,0.789473684210526,0.678571428571429,0.110902255639098,0.321428571428571,"LMDS (smacofx)",10,NA,0.67,0.31,1,NA,0.29,0.625,NA,NA,NA,NA,NA,2,0.759,0.379,0.308,0.110902255639098
"244","LMDS [k=10] (smacofx)",20,0.820689655172414,0.714285714285714,0.106403940886699,0.285714285714286,"LMDS (smacofx)",10,NA,0.67,0.31,1,NA,0.29,0.625,NA,NA,NA,NA,NA,2,0.759,0.379,0.308,0.106403940886699
"245","LMDS [k=10] (smacofx)",21,0.858784893267652,0.75,0.108784893267652,0.25,"LMDS (smacofx)",10,NA,0.67,0.31,1,NA,0.29,0.625,NA,NA,NA,NA,NA,2,0.759,0.379,0.308,0.108784893267652
"246","LMDS [k=10] (smacofx)",22,0.877742946708464,0.785714285714286,0.0920286609941783,0.214285714285714,"LMDS (smacofx)",10,NA,0.67,0.31,1,NA,0.29,0.625,NA,NA,NA,NA,NA,2,0.759,0.379,0.308,0.0920286609941783
"247","LMDS [k=10] (smacofx)",23,0.904047976011994,0.821428571428571,0.0826194045834227,0.178571428571429,"LMDS (smacofx)",10,NA,0.67,0.31,1,NA,0.29,0.625,NA,NA,NA,NA,NA,2,0.759,0.379,0.308,0.0826194045834227
"248","LMDS [k=10] (smacofx)",24,0.92816091954023,0.857142857142857,0.0710180623973727,0.142857142857143,"LMDS (smacofx)",10,NA,0.67,0.31,1,NA,0.29,0.625,NA,NA,NA,NA,NA,2,0.759,0.379,0.308,0.0710180623973727
"249","LMDS [k=10] (smacofx)",25,0.950344827586207,0.892857142857143,0.057487684729064,0.107142857142857,"LMDS (smacofx)",10,NA,0.67,0.31,1,NA,0.29,0.625,NA,NA,NA,NA,NA,2,0.759,0.379,0.308,0.057487684729064
"250","LMDS [k=10] (smacofx)",26,0.972148541114058,0.928571428571429,0.0435771125426297,0.0714285714285714,"LMDS (smacofx)",10,NA,0.67,0.31,1,NA,0.29,0.625,NA,NA,NA,NA,NA,2,0.759,0.379,0.308,0.0435771125426297
"251","LMDS [k=10] (smacofx)",27,0.991060025542784,0.964285714285714,0.0267743112570699,0.0357142857142857,"LMDS (smacofx)",10,NA,0.67,0.31,1,NA,0.29,0.625,NA,NA,NA,NA,NA,2,0.759,0.379,0.308,0.0267743112570699
"252","LMDS [k=10] (smacofx)",28,1,1,0,0,"LMDS (smacofx)",10,NA,0.67,0.31,1,NA,0.29,0.625,NA,NA,NA,NA,NA,2,0.759,0.379,0.308,0
"253","MDS (NLDR)",1,0.275862068965517,0.0357142857142857,0.240147783251232,0.964285714285714,"MDS (NLDR)",NA,NA,0.67,0.31,3,0,0.017,0.625,NA,NA,NA,NA,NA,1,0.276,0.276,0.24,0.240147783251232
"254","MDS (NLDR)",2,0.293103448275862,0.0714285714285714,0.221674876847291,0.928571428571429,"MDS (NLDR)",NA,NA,0.67,0.31,3,0,0.017,0.625,NA,NA,NA,NA,NA,1,0.276,0.276,0.24,0.221674876847291
"255","MDS (NLDR)",3,0.28735632183908,0.107142857142857,0.180213464696223,0.892857142857143,"MDS (NLDR)",NA,NA,0.67,0.31,3,0,0.017,0.625,NA,NA,NA,NA,NA,1,0.276,0.276,0.24,0.180213464696223
"256","MDS (NLDR)",4,0.344827586206897,0.142857142857143,0.201970443349754,0.857142857142857,"MDS (NLDR)",NA,NA,0.67,0.31,3,0,0.017,0.625,NA,NA,NA,NA,NA,1,0.276,0.276,0.24,0.201970443349754
"257","MDS (NLDR)",5,0.358620689655172,0.178571428571429,0.180049261083744,0.821428571428571,"MDS (NLDR)",NA,NA,0.67,0.31,3,0,0.017,0.625,NA,NA,NA,NA,NA,1,0.276,0.276,0.24,0.180049261083744
"258","MDS (NLDR)",6,0.390804597701149,0.214285714285714,0.176518883415435,0.785714285714286,"MDS (NLDR)",NA,NA,0.67,0.31,3,0,0.017,0.625,NA,NA,NA,NA,NA,1,0.276,0.276,0.24,0.176518883415435
"259","MDS (NLDR)",7,0.463054187192118,0.25,0.213054187192118,0.75,"MDS (NLDR)",NA,NA,0.67,0.31,3,0,0.017,0.625,NA,NA,NA,NA,NA,1,0.276,0.276,0.24,0.213054187192118
"260","MDS (NLDR)",8,0.525862068965517,0.285714285714286,0.240147783251232,0.714285714285714,"MDS (NLDR)",NA,NA,0.67,0.31,3,0,0.017,0.625,NA,NA,NA,NA,NA,1,0.276,0.276,0.24,0.240147783251232
"261","MDS (NLDR)",9,0.551724137931034,0.321428571428571,0.230295566502463,0.678571428571429,"MDS (NLDR)",NA,NA,0.67,0.31,3,0,0.017,0.625,NA,NA,NA,NA,NA,1,0.276,0.276,0.24,0.230295566502463
"262","MDS (NLDR)",10,0.586206896551724,0.357142857142857,0.229064039408867,0.642857142857143,"MDS (NLDR)",NA,NA,0.67,0.31,3,0,0.017,0.625,NA,NA,NA,NA,NA,1,0.276,0.276,0.24,0.229064039408867
"263","MDS (NLDR)",11,0.620689655172414,0.392857142857143,0.227832512315271,0.607142857142857,"MDS (NLDR)",NA,NA,0.67,0.31,3,0,0.017,0.625,NA,NA,NA,NA,NA,1,0.276,0.276,0.24,0.227832512315271
"264","MDS (NLDR)",12,0.660919540229885,0.428571428571429,0.232348111658457,0.571428571428571,"MDS (NLDR)",NA,NA,0.67,0.31,3,0,0.017,0.625,NA,NA,NA,NA,NA,1,0.276,0.276,0.24,0.232348111658457
"265","MDS (NLDR)",13,0.673740053050398,0.464285714285714,0.209454338764684,0.535714285714286,"MDS (NLDR)",NA,NA,0.67,0.31,3,0,0.017,0.625,NA,NA,NA,NA,NA,1,0.276,0.276,0.24,0.209454338764684
"266","MDS (NLDR)",14,0.684729064039409,0.5,0.184729064039409,0.5,"MDS (NLDR)",NA,NA,0.67,0.31,3,0,0.017,0.625,NA,NA,NA,NA,NA,1,0.276,0.276,0.24,0.184729064039409
"267","MDS (NLDR)",15,0.714942528735632,0.535714285714286,0.179228243021346,0.464285714285714,"MDS (NLDR)",NA,NA,0.67,0.31,3,0,0.017,0.625,NA,NA,NA,NA,NA,1,0.276,0.276,0.24,0.179228243021346
"268","MDS (NLDR)",16,0.732758620689655,0.571428571428571,0.161330049261084,0.428571428571429,"MDS (NLDR)",NA,NA,0.67,0.31,3,0,0.017,0.625,NA,NA,NA,NA,NA,1,0.276,0.276,0.24,0.161330049261084
"269","MDS (NLDR)",17,0.746450304259635,0.607142857142857,0.139307447116778,0.392857142857143,"MDS (NLDR)",NA,NA,0.67,0.31,3,0,0.017,0.625,NA,NA,NA,NA,NA,1,0.276,0.276,0.24,0.139307447116778
"270","MDS (NLDR)",18,0.775862068965517,0.642857142857143,0.133004926108374,0.357142857142857,"MDS (NLDR)",NA,NA,0.67,0.31,3,0,0.017,0.625,NA,NA,NA,NA,NA,1,0.276,0.276,0.24,0.133004926108374
"271","MDS (NLDR)",19,0.809437386569873,0.678571428571429,0.130865957998444,0.321428571428571,"MDS (NLDR)",NA,NA,0.67,0.31,3,0,0.017,0.625,NA,NA,NA,NA,NA,1,0.276,0.276,0.24,0.130865957998444
"272","MDS (NLDR)",20,0.831034482758621,0.714285714285714,0.116748768472906,0.285714285714286,"MDS (NLDR)",NA,NA,0.67,0.31,3,0,0.017,0.625,NA,NA,NA,NA,NA,1,0.276,0.276,0.24,0.116748768472906
"273","MDS (NLDR)",21,0.86863711001642,0.75,0.11863711001642,0.25,"MDS (NLDR)",NA,NA,0.67,0.31,3,0,0.017,0.625,NA,NA,NA,NA,NA,1,0.276,0.276,0.24,0.11863711001642
"274","MDS (NLDR)",22,0.879310344827586,0.785714285714286,0.0935960591133005,0.214285714285714,"MDS (NLDR)",NA,NA,0.67,0.31,3,0,0.017,0.625,NA,NA,NA,NA,NA,1,0.276,0.276,0.24,0.0935960591133005
"275","MDS (NLDR)",23,0.896551724137931,0.821428571428571,0.0751231527093597,0.178571428571429,"MDS (NLDR)",NA,NA,0.67,0.31,3,0,0.017,0.625,NA,NA,NA,NA,NA,1,0.276,0.276,0.24,0.0751231527093597
"276","MDS (NLDR)",24,0.90948275862069,0.857142857142857,0.0523399014778325,0.142857142857143,"MDS (NLDR)",NA,NA,0.67,0.31,3,0,0.017,0.625,NA,NA,NA,NA,NA,1,0.276,0.276,0.24,0.0523399014778325
"277","MDS (NLDR)",25,0.926896551724138,0.892857142857143,0.0340394088669951,0.107142857142857,"MDS (NLDR)",NA,NA,0.67,0.31,3,0,0.017,0.625,NA,NA,NA,NA,NA,1,0.276,0.276,0.24,0.0340394088669951
"278","MDS (NLDR)",26,0.950928381962865,0.928571428571429,0.0223569533914361,0.0714285714285714,"MDS (NLDR)",NA,NA,0.67,0.31,3,0,0.017,0.625,NA,NA,NA,NA,NA,1,0.276,0.276,0.24,0.0223569533914361
"279","MDS (NLDR)",27,0.977011494252874,0.964285714285714,0.0127257799671593,0.0357142857142857,"MDS (NLDR)",NA,NA,0.67,0.31,3,0,0.017,0.625,NA,NA,NA,NA,NA,1,0.276,0.276,0.24,0.0127257799671593
"280","MDS (NLDR)",28,1,1,0,0,"MDS (NLDR)",NA,NA,0.67,0.31,3,0,0.017,0.625,NA,NA,NA,NA,NA,1,0.276,0.276,0.24,0
"281","MDS (smacof)",1,0.103448275862069,0.0357142857142857,0.0677339901477833,0.964285714285714,"MDS (smacof)",NA,NA,0.66,0.3,3,0,0.003,0.625,NA,NA,NA,NA,NA,8,4.276,0.534,0.249,0.0677339901477833
"282","MDS (smacof)",2,0.206896551724138,0.0714285714285714,0.135467980295567,0.928571428571429,"MDS (smacof)",NA,NA,0.66,0.3,3,0,0.003,0.625,NA,NA,NA,NA,NA,8,4.276,0.534,0.249,0.135467980295567
"283","MDS (smacof)",3,0.275862068965517,0.107142857142857,0.16871921182266,0.892857142857143,"MDS (smacof)",NA,NA,0.66,0.3,3,0,0.003,0.625,NA,NA,NA,NA,NA,8,4.276,0.534,0.249,0.16871921182266
"284","MDS (smacof)",4,0.344827586206897,0.142857142857143,0.201970443349754,0.857142857142857,"MDS (smacof)",NA,NA,0.66,0.3,3,0,0.003,0.625,NA,NA,NA,NA,NA,8,4.276,0.534,0.249,0.201970443349754
"285","MDS (smacof)",5,0.4,0.178571428571429,0.221428571428571,0.821428571428571,"MDS (smacof)",NA,NA,0.66,0.3,3,0,0.003,0.625,NA,NA,NA,NA,NA,8,4.276,0.534,0.249,0.221428571428571
"286","MDS (smacof)",6,0.436781609195402,0.214285714285714,0.222495894909688,0.785714285714286,"MDS (smacof)",NA,NA,0.66,0.3,3,0,0.003,0.625,NA,NA,NA,NA,NA,8,4.276,0.534,0.249,0.222495894909688
"287","MDS (smacof)",7,0.482758620689655,0.25,0.232758620689655,0.75,"MDS (smacof)",NA,NA,0.66,0.3,3,0,0.003,0.625,NA,NA,NA,NA,NA,8,4.276,0.534,0.249,0.232758620689655
"288","MDS (smacof)",8,0.53448275862069,0.285714285714286,0.248768472906404,0.714285714285714,"MDS (smacof)",NA,NA,0.66,0.3,3,0,0.003,0.625,NA,NA,NA,NA,NA,8,4.276,0.534,0.249,0.248768472906404
"289","MDS (smacof)",9,0.547892720306513,0.321428571428571,0.226464148877942,0.678571428571429,"MDS (smacof)",NA,NA,0.66,0.3,3,0,0.003,0.625,NA,NA,NA,NA,NA,8,4.276,0.534,0.249,0.226464148877942
"290","MDS (smacof)",10,0.56551724137931,0.357142857142857,0.208374384236453,0.642857142857143,"MDS (smacof)",NA,NA,0.66,0.3,3,0,0.003,0.625,NA,NA,NA,NA,NA,8,4.276,0.534,0.249,0.208374384236453
"291","MDS (smacof)",11,0.598746081504702,0.392857142857143,0.205888938647559,0.607142857142857,"MDS (smacof)",NA,NA,0.66,0.3,3,0,0.003,0.625,NA,NA,NA,NA,NA,8,4.276,0.534,0.249,0.205888938647559
"292","MDS (smacof)",12,0.637931034482759,0.428571428571429,0.20935960591133,0.571428571428571,"MDS (smacof)",NA,NA,0.66,0.3,3,0,0.003,0.625,NA,NA,NA,NA,NA,8,4.276,0.534,0.249,0.20935960591133
"293","MDS (smacof)",13,0.676392572944297,0.464285714285714,0.212106858658583,0.535714285714286,"MDS (smacof)",NA,NA,0.66,0.3,3,0,0.003,0.625,NA,NA,NA,NA,NA,8,4.276,0.534,0.249,0.212106858658583
"294","MDS (smacof)",14,0.689655172413793,0.5,0.189655172413793,0.5,"MDS (smacof)",NA,NA,0.66,0.3,3,0,0.003,0.625,NA,NA,NA,NA,NA,8,4.276,0.534,0.249,0.189655172413793
"295","MDS (smacof)",15,0.703448275862069,0.535714285714286,0.167733990147783,0.464285714285714,"MDS (smacof)",NA,NA,0.66,0.3,3,0,0.003,0.625,NA,NA,NA,NA,NA,8,4.276,0.534,0.249,0.167733990147783
"296","MDS (smacof)",16,0.726293103448276,0.571428571428571,0.154864532019705,0.428571428571429,"MDS (smacof)",NA,NA,0.66,0.3,3,0,0.003,0.625,NA,NA,NA,NA,NA,8,4.276,0.534,0.249,0.154864532019705
"297","MDS (smacof)",17,0.756592292089249,0.607142857142857,0.149449434946392,0.392857142857143,"MDS (smacof)",NA,NA,0.66,0.3,3,0,0.003,0.625,NA,NA,NA,NA,NA,8,4.276,0.534,0.249,0.149449434946392
"298","MDS (smacof)",18,0.789272030651341,0.642857142857143,0.146414887794198,0.357142857142857,"MDS (smacof)",NA,NA,0.66,0.3,3,0,0.003,0.625,NA,NA,NA,NA,NA,8,4.276,0.534,0.249,0.146414887794198
"299","MDS (smacof)",19,0.818511796733212,0.678571428571429,0.139940368161784,0.321428571428571,"MDS (smacof)",NA,NA,0.66,0.3,3,0,0.003,0.625,NA,NA,NA,NA,NA,8,4.276,0.534,0.249,0.139940368161784
"300","MDS (smacof)",20,0.843103448275862,0.714285714285714,0.128817733990148,0.285714285714286,"MDS (smacof)",NA,NA,0.66,0.3,3,0,0.003,0.625,NA,NA,NA,NA,NA,8,4.276,0.534,0.249,0.128817733990148
"301","MDS (smacof)",21,0.860426929392447,0.75,0.110426929392447,0.25,"MDS (smacof)",NA,NA,0.66,0.3,3,0,0.003,0.625,NA,NA,NA,NA,NA,8,4.276,0.534,0.249,0.110426929392447
"302","MDS (smacof)",22,0.877742946708464,0.785714285714286,0.0920286609941783,0.214285714285714,"MDS (smacof)",NA,NA,0.66,0.3,3,0,0.003,0.625,NA,NA,NA,NA,NA,8,4.276,0.534,0.249,0.0920286609941783
"303","MDS (smacof)",23,0.895052473763118,0.821428571428571,0.0736239023345471,0.178571428571429,"MDS (smacof)",NA,NA,0.66,0.3,3,0,0.003,0.625,NA,NA,NA,NA,NA,8,4.276,0.534,0.249,0.0736239023345471
"304","MDS (smacof)",24,0.910919540229885,0.857142857142857,0.053776683087028,0.142857142857143,"MDS (smacof)",NA,NA,0.66,0.3,3,0,0.003,0.625,NA,NA,NA,NA,NA,8,4.276,0.534,0.249,0.053776683087028
"305","MDS (smacof)",25,0.936551724137931,0.892857142857143,0.0436945812807882,0.107142857142857,"MDS (smacof)",NA,NA,0.66,0.3,3,0,0.003,0.625,NA,NA,NA,NA,NA,8,4.276,0.534,0.249,0.0436945812807882
"306","MDS (smacof)",26,0.957559681697613,0.928571428571429,0.0289882531261841,0.0714285714285714,"MDS (smacof)",NA,NA,0.66,0.3,3,0,0.003,0.625,NA,NA,NA,NA,NA,8,4.276,0.534,0.249,0.0289882531261841
"307","MDS (smacof)",27,0.983397190293742,0.964285714285714,0.0191114760080278,0.0357142857142857,"MDS (smacof)",NA,NA,0.66,0.3,3,0,0.003,0.625,NA,NA,NA,NA,NA,8,4.276,0.534,0.249,0.0191114760080278
"308","MDS (smacof)",28,1,1,0,0,"MDS (smacof)",NA,NA,0.66,0.3,3,0,0.003,0.625,NA,NA,NA,NA,NA,8,4.276,0.534,0.249,0
"309","PCA_SVD",1,0.137931034482759,0.0357142857142857,0.102216748768473,0.964285714285714,"PCA_SVD",NA,NA,0.59,0.16,3,0.018,0.301,0.375,NA,NA,NA,NA,NA,12,6.759,0.563,0.135,0.102216748768473
"310","PCA_SVD",2,0.120689655172414,0.0714285714285714,0.0492610837438424,0.928571428571429,"PCA_SVD",NA,NA,0.59,0.16,3,0.018,0.301,0.375,NA,NA,NA,NA,NA,12,6.759,0.563,0.135,0.0492610837438424
"311","PCA_SVD",3,0.229885057471264,0.107142857142857,0.122742200328407,0.892857142857143,"PCA_SVD",NA,NA,0.59,0.16,3,0.018,0.301,0.375,NA,NA,NA,NA,NA,12,6.759,0.563,0.135,0.122742200328407
"312","PCA_SVD",4,0.206896551724138,0.142857142857143,0.0640394088669951,0.857142857142857,"PCA_SVD",NA,NA,0.59,0.16,3,0.018,0.301,0.375,NA,NA,NA,NA,NA,12,6.759,0.563,0.135,0.0640394088669951
"313","PCA_SVD",5,0.262068965517241,0.178571428571429,0.0834975369458128,0.821428571428571,"PCA_SVD",NA,NA,0.59,0.16,3,0.018,0.301,0.375,NA,NA,NA,NA,NA,12,6.759,0.563,0.135,0.0834975369458128
"314","PCA_SVD",6,0.310344827586207,0.214285714285714,0.0960591133004926,0.785714285714286,"PCA_SVD",NA,NA,0.59,0.16,3,0.018,0.301,0.375,NA,NA,NA,NA,NA,12,6.759,0.563,0.135,0.0960591133004926
"315","PCA_SVD",7,0.32512315270936,0.25,0.0751231527093596,0.75,"PCA_SVD",NA,NA,0.59,0.16,3,0.018,0.301,0.375,NA,NA,NA,NA,NA,12,6.759,0.563,0.135,0.0751231527093596
"316","PCA_SVD",8,0.362068965517241,0.285714285714286,0.0763546798029557,0.714285714285714,"PCA_SVD",NA,NA,0.59,0.16,3,0.018,0.301,0.375,NA,NA,NA,NA,NA,12,6.759,0.563,0.135,0.0763546798029557
"317","PCA_SVD",9,0.42911877394636,0.321428571428571,0.107690202517789,0.678571428571429,"PCA_SVD",NA,NA,0.59,0.16,3,0.018,0.301,0.375,NA,NA,NA,NA,NA,12,6.759,0.563,0.135,0.107690202517789
"318","PCA_SVD",10,0.472413793103448,0.357142857142857,0.115270935960591,0.642857142857143,"PCA_SVD",NA,NA,0.59,0.16,3,0.018,0.301,0.375,NA,NA,NA,NA,NA,12,6.759,0.563,0.135,0.115270935960591
"319","PCA_SVD",11,0.5141065830721,0.392857142857143,0.121249440214957,0.607142857142857,"PCA_SVD",NA,NA,0.59,0.16,3,0.018,0.301,0.375,NA,NA,NA,NA,NA,12,6.759,0.563,0.135,0.121249440214957
"320","PCA_SVD",12,0.563218390804598,0.428571428571429,0.134646962233169,0.571428571428571,"PCA_SVD",NA,NA,0.59,0.16,3,0.018,0.301,0.375,NA,NA,NA,NA,NA,12,6.759,0.563,0.135,0.134646962233169
"321","PCA_SVD",13,0.572944297082228,0.464285714285714,0.108658582796514,0.535714285714286,"PCA_SVD",NA,NA,0.59,0.16,3,0.018,0.301,0.375,NA,NA,NA,NA,NA,12,6.759,0.563,0.135,0.108658582796514
"322","PCA_SVD",14,0.603448275862069,0.5,0.103448275862069,0.5,"PCA_SVD",NA,NA,0.59,0.16,3,0.018,0.301,0.375,NA,NA,NA,NA,NA,12,6.759,0.563,0.135,0.103448275862069
"323","PCA_SVD",15,0.627586206896552,0.535714285714286,0.0918719211822661,0.464285714285714,"PCA_SVD",NA,NA,0.59,0.16,3,0.018,0.301,0.375,NA,NA,NA,NA,NA,12,6.759,0.563,0.135,0.0918719211822661
"324","PCA_SVD",16,0.661637931034483,0.571428571428571,0.0902093596059114,0.428571428571429,"PCA_SVD",NA,NA,0.59,0.16,3,0.018,0.301,0.375,NA,NA,NA,NA,NA,12,6.759,0.563,0.135,0.0902093596059114
"325","PCA_SVD",17,0.691683569979716,0.607142857142857,0.0845407128368589,0.392857142857143,"PCA_SVD",NA,NA,0.59,0.16,3,0.018,0.301,0.375,NA,NA,NA,NA,NA,12,6.759,0.563,0.135,0.0845407128368589
"326","PCA_SVD",18,0.720306513409962,0.642857142857143,0.0774493705528188,0.357142857142857,"PCA_SVD",NA,NA,0.59,0.16,3,0.018,0.301,0.375,NA,NA,NA,NA,NA,12,6.759,0.563,0.135,0.0774493705528188
"327","PCA_SVD",19,0.753176043557169,0.678571428571429,0.0746046149857402,0.321428571428571,"PCA_SVD",NA,NA,0.59,0.16,3,0.018,0.301,0.375,NA,NA,NA,NA,NA,12,6.759,0.563,0.135,0.0746046149857402
"328","PCA_SVD",20,0.78448275862069,0.714285714285714,0.0701970443349753,0.285714285714286,"PCA_SVD",NA,NA,0.59,0.16,3,0.018,0.301,0.375,NA,NA,NA,NA,NA,12,6.759,0.563,0.135,0.0701970443349753
"329","PCA_SVD",21,0.824302134646962,0.75,0.0743021346469622,0.25,"PCA_SVD",NA,NA,0.59,0.16,3,0.018,0.301,0.375,NA,NA,NA,NA,NA,12,6.759,0.563,0.135,0.0743021346469622
"330","PCA_SVD",22,0.858934169278997,0.785714285714286,0.0732198835647112,0.214285714285714,"PCA_SVD",NA,NA,0.59,0.16,3,0.018,0.301,0.375,NA,NA,NA,NA,NA,12,6.759,0.563,0.135,0.0732198835647112
"331","PCA_SVD",23,0.88455772113943,0.821428571428571,0.0631291497108589,0.178571428571429,"PCA_SVD",NA,NA,0.59,0.16,3,0.018,0.301,0.375,NA,NA,NA,NA,NA,12,6.759,0.563,0.135,0.0631291497108589
"332","PCA_SVD",24,0.90948275862069,0.857142857142857,0.0523399014778325,0.142857142857143,"PCA_SVD",NA,NA,0.59,0.16,3,0.018,0.301,0.375,NA,NA,NA,NA,NA,12,6.759,0.563,0.135,0.0523399014778325
"333","PCA_SVD",25,0.924137931034483,0.892857142857143,0.0312807881773398,0.107142857142857,"PCA_SVD",NA,NA,0.59,0.16,3,0.018,0.301,0.375,NA,NA,NA,NA,NA,12,6.759,0.563,0.135,0.0312807881773398
"334","PCA_SVD",26,0.937665782493369,0.928571428571429,0.00909435392194013,0.0714285714285714,"PCA_SVD",NA,NA,0.59,0.16,3,0.018,0.301,0.375,NA,NA,NA,NA,NA,12,6.759,0.563,0.135,0.00909435392194013
"335","PCA_SVD",27,0.969348659003831,0.964285714285714,0.00506294471811708,0.0357142857142857,"PCA_SVD",NA,NA,0.59,0.16,3,0.018,0.301,0.375,NA,NA,NA,NA,NA,12,6.759,0.563,0.135,0.00506294471811708
"336","PCA_SVD",28,1,1,0,0,"PCA_SVD",NA,NA,0.59,0.16,3,0.018,0.301,0.375,NA,NA,NA,NA,NA,12,6.759,0.563,0.135,0
"337","PPCA",1,0.172413793103448,0.0357142857142857,0.136699507389163,0.964285714285714,"PPCA",NA,NA,0.67,0.31,3,0.064,1.134,0.625,NA,NA,NA,NA,NA,2,0.759,0.379,0.308,0.136699507389163
"338","PPCA",2,0.379310344827586,0.0714285714285714,0.307881773399015,0.928571428571429,"PPCA",NA,NA,0.67,0.31,3,0.064,1.134,0.625,NA,NA,NA,NA,NA,2,0.759,0.379,0.308,0.307881773399015
"339","PPCA",3,0.333333333333333,0.107142857142857,0.226190476190476,0.892857142857143,"PPCA",NA,NA,0.67,0.31,3,0.064,1.134,0.625,NA,NA,NA,NA,NA,2,0.759,0.379,0.308,0.226190476190476
"340","PPCA",4,0.362068965517241,0.142857142857143,0.219211822660099,0.857142857142857,"PPCA",NA,NA,0.67,0.31,3,0.064,1.134,0.625,NA,NA,NA,NA,NA,2,0.759,0.379,0.308,0.219211822660099
"341","PPCA",5,0.372413793103448,0.178571428571429,0.19384236453202,0.821428571428571,"PPCA",NA,NA,0.67,0.31,3,0.064,1.134,0.625,NA,NA,NA,NA,NA,2,0.759,0.379,0.308,0.19384236453202
"342","PPCA",6,0.385057471264368,0.214285714285714,0.170771756978654,0.785714285714286,"PPCA",NA,NA,0.67,0.31,3,0.064,1.134,0.625,NA,NA,NA,NA,NA,2,0.759,0.379,0.308,0.170771756978654
"343","PPCA",7,0.438423645320197,0.25,0.188423645320197,0.75,"PPCA",NA,NA,0.67,0.31,3,0.064,1.134,0.625,NA,NA,NA,NA,NA,2,0.759,0.379,0.308,0.188423645320197
"344","PPCA",8,0.5,0.285714285714286,0.214285714285714,0.714285714285714,"PPCA",NA,NA,0.67,0.31,3,0.064,1.134,0.625,NA,NA,NA,NA,NA,2,0.759,0.379,0.308,0.214285714285714
"345","PPCA",9,0.524904214559387,0.321428571428571,0.203475643130816,0.678571428571429,"PPCA",NA,NA,0.67,0.31,3,0.064,1.134,0.625,NA,NA,NA,NA,NA,2,0.759,0.379,0.308,0.203475643130816
"346","PPCA",10,0.568965517241379,0.357142857142857,0.211822660098522,0.642857142857143,"PPCA",NA,NA,0.67,0.31,3,0.064,1.134,0.625,NA,NA,NA,NA,NA,2,0.759,0.379,0.308,0.211822660098522
"347","PPCA",11,0.605015673981191,0.392857142857143,0.212158531124048,0.607142857142857,"PPCA",NA,NA,0.67,0.31,3,0.064,1.134,0.625,NA,NA,NA,NA,NA,2,0.759,0.379,0.308,0.212158531124048
"348","PPCA",12,0.632183908045977,0.428571428571429,0.203612479474548,0.571428571428571,"PPCA",NA,NA,0.67,0.31,3,0.064,1.134,0.625,NA,NA,NA,NA,NA,2,0.759,0.379,0.308,0.203612479474548
"349","PPCA",13,0.657824933687003,0.464285714285714,0.193539219401288,0.535714285714286,"PPCA",NA,NA,0.67,0.31,3,0.064,1.134,0.625,NA,NA,NA,NA,NA,2,0.759,0.379,0.308,0.193539219401288
"350","PPCA",14,0.694581280788177,0.5,0.194581280788177,0.5,"PPCA",NA,NA,0.67,0.31,3,0.064,1.134,0.625,NA,NA,NA,NA,NA,2,0.759,0.379,0.308,0.194581280788177
"351","PPCA",15,0.705747126436782,0.535714285714286,0.170032840722496,0.464285714285714,"PPCA",NA,NA,0.67,0.31,3,0.064,1.134,0.625,NA,NA,NA,NA,NA,2,0.759,0.379,0.308,0.170032840722496
"352","PPCA",16,0.72198275862069,0.571428571428571,0.150554187192118,0.428571428571429,"PPCA",NA,NA,0.67,0.31,3,0.064,1.134,0.625,NA,NA,NA,NA,NA,2,0.759,0.379,0.308,0.150554187192118
"353","PPCA",17,0.740365111561866,0.607142857142857,0.133222254419009,0.392857142857143,"PPCA",NA,NA,0.67,0.31,3,0.064,1.134,0.625,NA,NA,NA,NA,NA,2,0.759,0.379,0.308,0.133222254419009
"354","PPCA",18,0.758620689655172,0.642857142857143,0.115763546798029,0.357142857142857,"PPCA",NA,NA,0.67,0.31,3,0.064,1.134,0.625,NA,NA,NA,NA,NA,2,0.759,0.379,0.308,0.115763546798029
"355","PPCA",19,0.787658802177858,0.678571428571429,0.10908737360643,0.321428571428571,"PPCA",NA,NA,0.67,0.31,3,0.064,1.134,0.625,NA,NA,NA,NA,NA,2,0.759,0.379,0.308,0.10908737360643
"356","PPCA",20,0.820689655172414,0.714285714285714,0.106403940886699,0.285714285714286,"PPCA",NA,NA,0.67,0.31,3,0.064,1.134,0.625,NA,NA,NA,NA,NA,2,0.759,0.379,0.308,0.106403940886699
"357","PPCA",21,0.855500821018062,0.75,0.105500821018062,0.25,"PPCA",NA,NA,0.67,0.31,3,0.064,1.134,0.625,NA,NA,NA,NA,NA,2,0.759,0.379,0.308,0.105500821018062
"358","PPCA",22,0.874608150470219,0.785714285714286,0.0888938647559337,0.214285714285714,"PPCA",NA,NA,0.67,0.31,3,0.064,1.134,0.625,NA,NA,NA,NA,NA,2,0.759,0.379,0.308,0.0888938647559337
"359","PPCA",23,0.902548725637181,0.821428571428571,0.08112015420861,0.178571428571429,"PPCA",NA,NA,0.67,0.31,3,0.064,1.134,0.625,NA,NA,NA,NA,NA,2,0.759,0.379,0.308,0.08112015420861
"360","PPCA",24,0.92816091954023,0.857142857142857,0.0710180623973727,0.142857142857143,"PPCA",NA,NA,0.67,0.31,3,0.064,1.134,0.625,NA,NA,NA,NA,NA,2,0.759,0.379,0.308,0.0710180623973727
"361","PPCA",25,0.950344827586207,0.892857142857143,0.057487684729064,0.107142857142857,"PPCA",NA,NA,0.67,0.31,3,0.064,1.134,0.625,NA,NA,NA,NA,NA,2,0.759,0.379,0.308,0.057487684729064
"362","PPCA",26,0.972148541114058,0.928571428571429,0.0435771125426297,0.0714285714285714,"PPCA",NA,NA,0.67,0.31,3,0.064,1.134,0.625,NA,NA,NA,NA,NA,2,0.759,0.379,0.308,0.0435771125426297
"363","PPCA",27,0.991060025542784,0.964285714285714,0.0267743112570699,0.0357142857142857,"PPCA",NA,NA,0.67,0.31,3,0.064,1.134,0.625,NA,NA,NA,NA,NA,2,0.759,0.379,0.308,0.0267743112570699
"364","PPCA",28,1,1,0,0,"PPCA",NA,NA,0.67,0.31,3,0.064,1.134,0.625,NA,NA,NA,NA,NA,2,0.759,0.379,0.308,0
"365","UMAP [k=26]",1,0.413793103448276,0.0357142857142857,0.37807881773399,0.964285714285714,"UMAP",26,NA,0.64,0.25,1,NA,0.077,0.625,NA,NA,NA,NA,NA,1,0.414,0.414,0.378,0.37807881773399
"366","UMAP [k=5]",2,0.46551724137931,0.0714285714285714,0.394088669950739,0.928571428571429,"UMAP",5,NA,0.66,0.3,1,NA,0.047,0.75,NA,NA,NA,NA,NA,2,0.931,0.466,0.394,0.394088669950739
"367","UMAP [k=4]",3,0.448275862068966,0.107142857142857,0.341133004926108,0.892857142857143,"UMAP",4,NA,0.67,0.31,1,NA,0.043,0.625,NA,NA,NA,NA,NA,2,0.862,0.431,0.36,0.341133004926108
"368","UMAP [k=4]",4,0.439655172413793,0.142857142857143,0.29679802955665,0.857142857142857,"UMAP",4,NA,0.67,0.31,1,NA,0.043,0.625,NA,NA,NA,NA,NA,2,0.862,0.431,0.36,0.29679802955665
"369","UMAP [k=3]",5,0.455172413793103,0.178571428571429,0.276600985221675,0.821428571428571,"UMAP",3,NA,0.69,0.36,1,NA,0.045,0.75,NA,NA,NA,NA,NA,2,0.828,0.414,0.342,0.276600985221675
"370","UMAP [k=3]",6,0.477011494252874,0.214285714285714,0.262725779967159,0.785714285714286,"UMAP",3,NA,0.69,0.36,1,NA,0.045,0.75,NA,NA,NA,NA,NA,2,0.828,0.414,0.342,0.262725779967159
"371","UMAP [k=5]",7,0.517241379310345,0.25,0.267241379310345,0.75,"UMAP",5,NA,0.66,0.3,1,NA,0.047,0.75,NA,NA,NA,NA,NA,2,0.931,0.466,0.394,0.267241379310345
"372","UMAP [k=17]",8,0.551724137931034,0.285714285714286,0.266009852216749,0.714285714285714,"UMAP",17,NA,0.65,0.28,1,NA,0.067,0.625,NA,NA,NA,NA,NA,8,4.414,0.552,0.266,0.266009852216749
"373","UMAP [k=6]",9,0.582375478927203,0.321428571428571,0.260946907498632,0.678571428571429,"UMAP",6,NA,0.65,0.27,1,NA,0.049,0.625,NA,NA,NA,NA,NA,2,0.724,0.362,0.291,0.260946907498632
"374","UMAP [k=17]",10,0.606896551724138,0.357142857142857,0.249753694581281,0.642857142857143,"UMAP",17,NA,0.65,0.28,1,NA,0.067,0.625,NA,NA,NA,NA,NA,8,4.414,0.552,0.266,0.249753694581281
"375","UMAP [k=17]",11,0.626959247648903,0.392857142857143,0.23410210479176,0.607142857142857,"UMAP",17,NA,0.65,0.28,1,NA,0.067,0.625,NA,NA,NA,NA,NA,8,4.414,0.552,0.266,0.23410210479176
"376","UMAP [k=17]",12,0.649425287356322,0.428571428571429,0.220853858784893,0.571428571428571,"UMAP",17,NA,0.65,0.28,1,NA,0.067,0.625,NA,NA,NA,NA,NA,8,4.414,0.552,0.266,0.220853858784893
"377","UMAP [k=3]",13,0.679045092838196,0.464285714285714,0.214759378552482,0.535714285714286,"UMAP",3,NA,0.69,0.36,1,NA,0.045,0.75,NA,NA,NA,NA,NA,2,0.828,0.414,0.342,0.214759378552482
"378","UMAP [k=3]",14,0.694581280788177,0.5,0.194581280788177,0.5,"UMAP",3,NA,0.69,0.36,1,NA,0.045,0.75,NA,NA,NA,NA,NA,2,0.828,0.414,0.342,0.194581280788177
"379","UMAP [k=3]",15,0.726436781609195,0.535714285714286,0.19072249589491,0.464285714285714,"UMAP",3,NA,0.69,0.36,1,NA,0.045,0.75,NA,NA,NA,NA,NA,2,0.828,0.414,0.342,0.19072249589491
"380","UMAP [k=3]",16,0.75,0.571428571428571,0.178571428571429,0.428571428571429,"UMAP",3,NA,0.69,0.36,1,NA,0.045,0.75,NA,NA,NA,NA,NA,2,0.828,0.414,0.342,0.178571428571429
"381","UMAP [k=3]",17,0.772819472616633,0.607142857142857,0.165676615473776,0.392857142857143,"UMAP",3,NA,0.69,0.36,1,NA,0.045,0.75,NA,NA,NA,NA,NA,2,0.828,0.414,0.342,0.165676615473776
"382","UMAP [k=3]",18,0.793103448275862,0.642857142857143,0.150246305418719,0.357142857142857,"UMAP",3,NA,0.69,0.36,1,NA,0.045,0.75,NA,NA,NA,NA,NA,2,0.828,0.414,0.342,0.150246305418719
"383","UMAP [k=3]",19,0.807622504537205,0.678571428571429,0.129051075965776,0.321428571428571,"UMAP",3,NA,0.69,0.36,1,NA,0.045,0.75,NA,NA,NA,NA,NA,2,0.828,0.414,0.342,0.129051075965776
"384","UMAP [k=3]",20,0.822413793103448,0.714285714285714,0.108128078817734,0.285714285714286,"UMAP",3,NA,0.69,0.36,1,NA,0.045,0.75,NA,NA,NA,NA,NA,2,0.828,0.414,0.342,0.108128078817734
"385","UMAP [k=3]",21,0.83743842364532,0.75,0.0874384236453202,0.25,"UMAP",3,NA,0.69,0.36,1,NA,0.045,0.75,NA,NA,NA,NA,NA,2,0.828,0.414,0.342,0.0874384236453202
"386","UMAP [k=3]",22,0.844827586206897,0.785714285714286,0.0591133004926109,0.214285714285714,"UMAP",3,NA,0.69,0.36,1,NA,0.045,0.75,NA,NA,NA,NA,NA,2,0.828,0.414,0.342,0.0591133004926109
"387","UMAP [k=3]",23,0.875562218890555,0.821428571428571,0.0541336474619833,0.178571428571429,"UMAP",3,NA,0.69,0.36,1,NA,0.045,0.75,NA,NA,NA,NA,NA,2,0.828,0.414,0.342,0.0541336474619833
"388","UMAP [k=3]",24,0.91235632183908,0.857142857142857,0.0552134646962233,0.142857142857143,"UMAP",3,NA,0.69,0.36,1,NA,0.045,0.75,NA,NA,NA,NA,NA,2,0.828,0.414,0.342,0.0552134646962233
"389","UMAP [k=3]",25,0.942068965517241,0.892857142857143,0.0492118226600985,0.107142857142857,"UMAP",3,NA,0.69,0.36,1,NA,0.045,0.75,NA,NA,NA,NA,NA,2,0.828,0.414,0.342,0.0492118226600985
"390","UMAP [k=3]",26,0.961538461538462,0.928571428571429,0.032967032967033,0.0714285714285714,"UMAP",3,NA,0.69,0.36,1,NA,0.045,0.75,NA,NA,NA,NA,NA,2,0.828,0.414,0.342,0.032967032967033
"391","UMAP [k=3]",27,0.983397190293742,0.964285714285714,0.0191114760080278,0.0357142857142857,"UMAP",3,NA,0.69,0.36,1,NA,0.045,0.75,NA,NA,NA,NA,NA,2,0.828,0.414,0.342,0.0191114760080278
"392","UMAP [k=10]",28,1,1,0,0,"UMAP",10,NA,0.64,0.26,1,NA,0.058,0.75,NA,NA,NA,NA,NA,2,0.724,0.362,0.291,0
"393","kPCA",1,0,0.0357142857142857,-0.0357142857142857,0.964285714285714,"kPCA",NA,NA,0.5,-0.03,3,0,0.032,0.375,NA,NA,NA,NA,NA,2,0.207,0.103,0.032,-0.0357142857142857
"394","kPCA",2,0.103448275862069,0.0714285714285714,0.0320197044334975,0.928571428571429,"kPCA",NA,NA,0.5,-0.03,3,0,0.032,0.375,NA,NA,NA,NA,NA,2,0.207,0.103,0.032,0.0320197044334975
"395","kPCA",3,0.0919540229885057,0.107142857142857,-0.0151888341543514,0.892857142857143,"kPCA",NA,NA,0.5,-0.03,3,0,0.032,0.375,NA,NA,NA,NA,NA,2,0.207,0.103,0.032,-0.0151888341543514
"396","kPCA",4,0.120689655172414,0.142857142857143,-0.0221674876847291,0.857142857142857,"kPCA",NA,NA,0.5,-0.03,3,0,0.032,0.375,NA,NA,NA,NA,NA,2,0.207,0.103,0.032,-0.0221674876847291
"397","kPCA",5,0.172413793103448,0.178571428571429,-0.00615763546798029,0.821428571428571,"kPCA",NA,NA,0.5,-0.03,3,0,0.032,0.375,NA,NA,NA,NA,NA,2,0.207,0.103,0.032,-0.00615763546798029
"398","kPCA",6,0.218390804597701,0.214285714285714,0.00410509031198689,0.785714285714286,"kPCA",NA,NA,0.5,-0.03,3,0,0.032,0.375,NA,NA,NA,NA,NA,2,0.207,0.103,0.032,0.00410509031198689
"399","kPCA",7,0.241379310344828,0.25,-0.0086206896551724,0.75,"kPCA",NA,NA,0.5,-0.03,3,0,0.032,0.375,NA,NA,NA,NA,NA,2,0.207,0.103,0.032,-0.0086206896551724
"400","kPCA",8,0.293103448275862,0.285714285714286,0.00738916256157635,0.714285714285714,"kPCA",NA,NA,0.5,-0.03,3,0,0.032,0.375,NA,NA,NA,NA,NA,2,0.207,0.103,0.032,0.00738916256157635
"401","kPCA",9,0.314176245210728,0.321428571428571,-0.0072523262178435,0.678571428571429,"kPCA",NA,NA,0.5,-0.03,3,0,0.032,0.375,NA,NA,NA,NA,NA,2,0.207,0.103,0.032,-0.0072523262178435
"402","kPCA",10,0.33448275862069,0.357142857142857,-0.0226600985221675,0.642857142857143,"kPCA",NA,NA,0.5,-0.03,3,0,0.032,0.375,NA,NA,NA,NA,NA,2,0.207,0.103,0.032,-0.0226600985221675
"403","kPCA",11,0.360501567398119,0.392857142857143,-0.0323555754590237,0.607142857142857,"kPCA",NA,NA,0.5,-0.03,3,0,0.032,0.375,NA,NA,NA,NA,NA,2,0.207,0.103,0.032,-0.0323555754590237
"404","kPCA",12,0.408045977011494,0.428571428571429,-0.0205254515599343,0.571428571428571,"kPCA",NA,NA,0.5,-0.03,3,0,0.032,0.375,NA,NA,NA,NA,NA,2,0.207,0.103,0.032,-0.0205254515599343
"405","kPCA",13,0.450928381962865,0.464285714285714,-0.0133573323228496,0.535714285714286,"kPCA",NA,NA,0.5,-0.03,3,0,0.032,0.375,NA,NA,NA,NA,NA,2,0.207,0.103,0.032,-0.0133573323228496
"406","kPCA",14,0.482758620689655,0.5,-0.0172413793103448,0.5,"kPCA",NA,NA,0.5,-0.03,3,0,0.032,0.375,NA,NA,NA,NA,NA,2,0.207,0.103,0.032,-0.0172413793103448
"407","kPCA",15,0.510344827586207,0.535714285714286,-0.0253694581280788,0.464285714285714,"kPCA",NA,NA,0.5,-0.03,3,0,0.032,0.375,NA,NA,NA,NA,NA,2,0.207,0.103,0.032,-0.0253694581280788
"408","kPCA",16,0.553879310344828,0.571428571428571,-0.0175492610837438,0.428571428571429,"kPCA",NA,NA,0.5,-0.03,3,0,0.032,0.375,NA,NA,NA,NA,NA,2,0.207,0.103,0.032,-0.0175492610837438
"409","kPCA",17,0.586206896551724,0.607142857142857,-0.020935960591133,0.392857142857143,"kPCA",NA,NA,0.5,-0.03,3,0,0.032,0.375,NA,NA,NA,NA,NA,2,0.207,0.103,0.032,-0.020935960591133
"410","kPCA",18,0.618773946360153,0.642857142857143,-0.0240831964969896,0.357142857142857,"kPCA",NA,NA,0.5,-0.03,3,0,0.032,0.375,NA,NA,NA,NA,NA,2,0.207,0.103,0.032,-0.0240831964969896
"411","kPCA",19,0.656987295825771,0.678571428571429,-0.0215841327456573,0.321428571428571,"kPCA",NA,NA,0.5,-0.03,3,0,0.032,0.375,NA,NA,NA,NA,NA,2,0.207,0.103,0.032,-0.0215841327456573
"412","kPCA",20,0.689655172413793,0.714285714285714,-0.0246305418719212,0.285714285714286,"kPCA",NA,NA,0.5,-0.03,3,0,0.032,0.375,NA,NA,NA,NA,NA,2,0.207,0.103,0.032,-0.0246305418719212
"413","kPCA",21,0.715927750410509,0.75,-0.034072249589491,0.25,"kPCA",NA,NA,0.5,-0.03,3,0,0.032,0.375,NA,NA,NA,NA,NA,2,0.207,0.103,0.032,-0.034072249589491
"414","kPCA",22,0.761755485893417,0.785714285714286,-0.0239587998208688,0.214285714285714,"kPCA",NA,NA,0.5,-0.03,3,0,0.032,0.375,NA,NA,NA,NA,NA,2,0.207,0.103,0.032,-0.0239587998208688
"415","kPCA",23,0.799100449775112,0.821428571428571,-0.022328121653459,0.178571428571429,"kPCA",NA,NA,0.5,-0.03,3,0,0.032,0.375,NA,NA,NA,NA,NA,2,0.207,0.103,0.032,-0.022328121653459
"416","kPCA",24,0.84051724137931,0.857142857142857,-0.0166256157635467,0.142857142857143,"kPCA",NA,NA,0.5,-0.03,3,0,0.032,0.375,NA,NA,NA,NA,NA,2,0.207,0.103,0.032,-0.0166256157635467
"417","kPCA",25,0.884137931034483,0.892857142857143,-0.00871921182266011,0.107142857142857,"kPCA",NA,NA,0.5,-0.03,3,0,0.032,0.375,NA,NA,NA,NA,NA,2,0.207,0.103,0.032,-0.00871921182266011
"418","kPCA",26,0.925729442970822,0.928571428571429,-0.00284198560060633,0.0714285714285714,"kPCA",NA,NA,0.5,-0.03,3,0,0.032,0.375,NA,NA,NA,NA,NA,2,0.207,0.103,0.032,-0.00284198560060633
"419","kPCA",27,0.962962962962963,0.964285714285714,-0.00132275132275139,0.0357142857142857,"kPCA",NA,NA,0.5,-0.03,3,0,0.032,0.375,NA,NA,NA,NA,NA,2,0.207,0.103,0.032,-0.00132275132275139
"420","kPCA",28,1,1,0,0,"kPCA",NA,NA,0.5,-0.03,3,0,0.032,0.375,NA,NA,NA,NA,NA,2,0.207,0.103,0.032,0
"421","tSNE [perp=5]",1,0.758620689655172,0.0357142857142857,0.722906403940887,0.964285714285714,"tSNE",NA,5,0.72,0.41,1,NA,0.068,0.75,NA,NA,NA,NA,NA,1,0.759,0.759,0.723,0.722906403940887
"422","tSNE [perp=6]",2,0.568965517241379,0.0714285714285714,0.497536945812808,0.928571428571429,"tSNE",NA,6,0.73,0.43,1,NA,0.057,0.625,NA,NA,NA,NA,NA,1,0.759,0.759,0.723,0.497536945812808
"423","tSNE [perp=6]",3,0.528735632183908,0.107142857142857,0.421592775041051,0.892857142857143,"tSNE",NA,6,0.73,0.43,1,NA,0.057,0.625,NA,NA,NA,NA,NA,1,0.759,0.759,0.723,0.421592775041051
"424","tSNE [perp=6]",4,0.53448275862069,0.142857142857143,0.391625615763547,0.857142857142857,"tSNE",NA,6,0.73,0.43,1,NA,0.057,0.625,NA,NA,NA,NA,NA,1,0.759,0.759,0.723,0.391625615763547
"425","tSNE [perp=8]",5,0.524137931034483,0.178571428571429,0.345566502463054,0.821428571428571,"tSNE",NA,8,0.71,0.4,1,NA,0.058,0.375,NA,NA,NA,NA,NA,1,0.586,0.586,0.55,0.345566502463054
"426","tSNE [perp=6]",6,0.563218390804598,0.214285714285714,0.348932676518883,0.785714285714286,"tSNE",NA,6,0.73,0.43,1,NA,0.057,0.625,NA,NA,NA,NA,NA,1,0.759,0.759,0.723,0.348932676518883
"427","tSNE [perp=6]",7,0.58128078817734,0.25,0.33128078817734,0.75,"tSNE",NA,6,0.73,0.43,1,NA,0.057,0.625,NA,NA,NA,NA,NA,1,0.759,0.759,0.723,0.33128078817734
"428","tSNE [perp=6]",8,0.577586206896552,0.285714285714286,0.291871921182266,0.714285714285714,"tSNE",NA,6,0.73,0.43,1,NA,0.057,0.625,NA,NA,NA,NA,NA,1,0.759,0.759,0.723,0.291871921182266
"429","tSNE [perp=6]",9,0.613026819923372,0.321428571428571,0.2915982484948,0.678571428571429,"tSNE",NA,6,0.73,0.43,1,NA,0.057,0.625,NA,NA,NA,NA,NA,1,0.759,0.759,0.723,0.2915982484948
"430","tSNE [perp=6]",10,0.617241379310345,0.357142857142857,0.260098522167488,0.642857142857143,"tSNE",NA,6,0.73,0.43,1,NA,0.057,0.625,NA,NA,NA,NA,NA,1,0.759,0.759,0.723,0.260098522167488
"431","tSNE [perp=6]",11,0.636363636363636,0.392857142857143,0.243506493506494,0.607142857142857,"tSNE",NA,6,0.73,0.43,1,NA,0.057,0.625,NA,NA,NA,NA,NA,1,0.759,0.759,0.723,0.243506493506494
"432","tSNE [perp=9]",12,0.660919540229885,0.428571428571429,0.232348111658457,0.571428571428571,"tSNE",NA,9,0.72,0.42,1,NA,0.072,0.625,NA,NA,NA,NA,NA,1,0.724,0.724,0.688,0.232348111658457
"433","tSNE [perp=9]",13,0.697612732095491,0.464285714285714,0.233327017809776,0.535714285714286,"tSNE",NA,9,0.72,0.42,1,NA,0.072,0.625,NA,NA,NA,NA,NA,1,0.724,0.724,0.688,0.233327017809776
"434","tSNE [perp=9]",14,0.719211822660099,0.5,0.219211822660099,0.5,"tSNE",NA,9,0.72,0.42,1,NA,0.072,0.625,NA,NA,NA,NA,NA,1,0.724,0.724,0.688,0.219211822660099
"435","tSNE [perp=9]",15,0.731034482758621,0.535714285714286,0.195320197044335,0.464285714285714,"tSNE",NA,9,0.72,0.42,1,NA,0.072,0.625,NA,NA,NA,NA,NA,1,0.724,0.724,0.688,0.195320197044335
"436","tSNE [perp=9]",16,0.743534482758621,0.571428571428571,0.172105911330049,0.428571428571429,"tSNE",NA,9,0.72,0.42,1,NA,0.072,0.625,NA,NA,NA,NA,NA,1,0.724,0.724,0.688,0.172105911330049
"437","tSNE [perp=9]",17,0.766734279918864,0.607142857142857,0.159591422776007,0.392857142857143,"tSNE",NA,9,0.72,0.42,1,NA,0.072,0.625,NA,NA,NA,NA,NA,1,0.724,0.724,0.688,0.159591422776007
"438","tSNE [perp=9]",18,0.793103448275862,0.642857142857143,0.150246305418719,0.357142857142857,"tSNE",NA,9,0.72,0.42,1,NA,0.072,0.625,NA,NA,NA,NA,NA,1,0.724,0.724,0.688,0.150246305418719
"439","tSNE [perp=7]",19,0.813067150635209,0.678571428571429,0.13449572206378,0.321428571428571,"tSNE",NA,7,0.71,0.4,1,NA,0.069,0.75,NA,NA,NA,NA,NA,1,0.621,0.621,0.585,0.13449572206378
"440","tSNE [perp=7]",20,0.827586206896552,0.714285714285714,0.113300492610837,0.285714285714286,"tSNE",NA,7,0.71,0.4,1,NA,0.069,0.75,NA,NA,NA,NA,NA,1,0.621,0.621,0.585,0.113300492610837
"441","tSNE [perp=7]",21,0.845648604269294,0.75,0.0956486042692939,0.25,"tSNE",NA,7,0.71,0.4,1,NA,0.069,0.75,NA,NA,NA,NA,NA,1,0.621,0.621,0.585,0.0956486042692939
"442","tSNE [perp=7]",22,0.871473354231975,0.785714285714286,0.0857590685176892,0.214285714285714,"tSNE",NA,7,0.71,0.4,1,NA,0.069,0.75,NA,NA,NA,NA,NA,1,0.621,0.621,0.585,0.0857590685176892
"443","tSNE [perp=7]",23,0.893553223388306,0.821428571428571,0.0721246519597345,0.178571428571429,"tSNE",NA,7,0.71,0.4,1,NA,0.069,0.75,NA,NA,NA,NA,NA,1,0.621,0.621,0.585,0.0721246519597345
"444","tSNE [perp=7]",24,0.918103448275862,0.857142857142857,0.060960591133005,0.142857142857143,"tSNE",NA,7,0.71,0.4,1,NA,0.069,0.75,NA,NA,NA,NA,NA,1,0.621,0.621,0.585,0.060960591133005
"445","tSNE [perp=7]",25,0.931034482758621,0.892857142857143,0.0381773399014778,0.107142857142857,"tSNE",NA,7,0.71,0.4,1,NA,0.069,0.75,NA,NA,NA,NA,NA,1,0.621,0.621,0.585,0.0381773399014778
"446","tSNE [perp=7]",26,0.946949602122016,0.928571428571429,0.0183781735505874,0.0714285714285714,"tSNE",NA,7,0.71,0.4,1,NA,0.069,0.75,NA,NA,NA,NA,NA,1,0.621,0.621,0.585,0.0183781735505874
"447","tSNE [perp=6]",27,0.973180076628352,0.964285714285714,0.00889436234263818,0.0357142857142857,"tSNE",NA,6,0.73,0.43,1,NA,0.057,0.625,NA,NA,NA,NA,NA,1,0.759,0.759,0.723,0.00889436234263818
"448","tSNE [perp=3]",28,1,1,0,0,"tSNE",NA,3,0.7,0.38,1,NA,0.07,0.75,NA,NA,NA,NA,NA,1,0.69,0.69,0.654,0
